,ds,y
0,2010-01-01,115
1,2010-01-02,53
2,2010-01-03,25
3,2010-01-04,70
4,2010-01-05,56
5,2010-01-06,35
6,2010-01-07,42
7,2010-01-08,22
8,2010-01-09,26
9,2010-01-10,17
10,2010-01-11,11
11,2010-01-12,25
12,2010-01-13,22
13,2010-01-14,23
14,2010-01-15,18
15,2010-01-16,27
16,2010-01-17,94
17,2010-01-18,10
18,2010-01-19,8
19,2010-01-20,13
20,2010-01-21,24
21,2010-01-22,38
22,2010-01-23,19
23,2010-01-24,46
24,2010-01-25,21
25,2010-01-26,11
26,2010-01-27,18
27,2010-01-28,31
28,2010-01-29,158
29,2010-01-30,36
30,2010-01-31,73
31,2010-02-01,29
32,2010-02-02,44
33,2010-02-03,16
34,2010-02-04,25
35,2010-02-05,44
36,2010-02-06,32
37,2010-02-07,24
38,2010-02-08,51
39,2010-02-09,32
40,2010-02-10,31
41,2010-02-11,23
42,2010-02-12,66
43,2010-02-13,38
44,2010-02-14,56
45,2010-02-15,72
46,2010-02-16,100
47,2010-02-17,73
48,2010-02-18,63
49,2010-02-19,258
50,2010-02-20,54
51,2010-02-21,57
52,2010-02-22,59
53,2010-02-23,25
54,2010-02-24,72
55,2010-02-25,40
56,2010-02-26,114
57,2010-02-27,68
58,2010-02-28,74
59,2010-03-01,23
60,2010-03-02,25
61,2010-03-03,34
62,2010-03-04,44
63,2010-03-05,63
64,2010-03-06,93
65,2010-03-07,121
66,2010-03-08,35
67,2010-03-09,47
68,2010-03-10,57
69,2010-03-11,94
70,2010-03-12,211
71,2010-03-13,94
72,2010-03-14,130
73,2010-03-15,113
74,2010-03-16,104
75,2010-03-17,125
76,2010-03-18,127
77,2010-03-19,221
78,2010-03-20,362
79,2010-03-21,271
80,2010-03-22,145
81,2010-03-23,200
82,2010-03-24,220
83,2010-03-25,355
84,2010-03-26,385
85,2010-03-27,245
86,2010-03-28,198
87,2010-03-29,202
88,2010-03-30,486
89,2010-03-31,1052
90,2010-04-01,1116
91,2010-04-02,1490
92,2010-04-03,1945
93,2010-04-04,1965
94,2010-04-05,588
95,2010-04-06,447
96,2010-04-07,458
97,2010-04-08,619
98,2010-04-09,996
99,2010-04-10,1006
100,2010-04-11,531
101,2010-04-12,276
102,2010-04-13,299
103,2010-04-14,238
104,2010-04-15,302
105,2010-04-16,580
106,2010-04-17,535
107,2010-04-18,523
108,2010-04-19,241
109,2010-04-20,287
110,2010-04-21,387
111,2010-04-22,412
112,2010-04-23,601
113,2010-04-24,565
114,2010-04-25,722
115,2010-04-26,407
116,2010-04-27,359
117,2010-04-28,447
118,2010-04-29,468
119,2010-04-30,777
120,2010-05-01,944
121,2010-05-02,627
122,2010-05-03,455
123,2010-05-04,383
124,2010-05-05,542
125,2010-05-06,608
126,2010-05-07,936
127,2010-05-08,1171
128,2010-05-09,1032
129,2010-05-10,697
130,2010-05-11,765
131,2010-05-12,633
132,2010-05-13,950
133,2010-05-14,1050
134,2010-05-15,1118
135,2010-05-16,784
136,2010-05-17,1292
137,2010-05-18,718
138,2010-05-19,768
139,2010-05-20,942
140,2010-05-21,1252
141,2010-05-22,1420
142,2010-05-23,1326
143,2010-05-24,828
144,2010-05-25,677
145,2010-05-26,729
146,2010-05-27,1162
147,2010-05-28,1265
148,2010-05-29,1469
149,2010-05-30,1606
150,2010-05-31,692
151,2010-06-01,694
152,2010-06-02,985
153,2010-06-03,1083
154,2010-06-04,1448
155,2010-06-05,1744
156,2010-06-06,1364
157,2010-06-07,949
158,2010-06-08,727
159,2010-06-09,833
160,2010-06-10,998
161,2010-06-11,1417
162,2010-06-12,1821
163,2010-06-13,1404
164,2010-06-14,768
165,2010-06-15,749
166,2010-06-16,740
167,2010-06-17,828
168,2010-06-18,1632
169,2010-06-19,1422
170,2010-06-20,1227
171,2010-06-21,601
172,2010-06-22,1043
173,2010-06-23,870
174,2010-06-24,1029
175,2010-06-25,1585
176,2010-06-26,1539
177,2010-06-27,1270
178,2010-06-28,933
179,2010-06-29,1096
180,2010-06-30,933
181,2010-07-01,1036
182,2010-07-02,1229
183,2010-07-03,1493
184,2010-07-04,1037
185,2010-07-05,763
186,2010-07-06,863
187,2010-07-07,1358
188,2010-07-08,1344
189,2010-07-09,1847
190,2010-07-10,1930
191,2010-07-11,1299
192,2010-07-12,964
193,2010-07-13,946
194,2010-07-14,814
195,2010-07-15,1217
196,2010-07-16,1184
197,2010-07-17,1309
198,2010-07-18,1147
199,2010-07-19,880
200,2010-07-20,807
201,2010-07-21,1347
202,2010-07-22,1535
203,2010-07-23,2348
204,2010-07-24,2574
205,2010-07-25,2370
206,2010-07-26,1283
207,2010-07-27,1207
208,2010-07-28,1341
209,2010-07-29,1641
210,2010-07-30,1649
211,2010-07-31,1673
212,2010-08-01,1220
213,2010-08-02,912
214,2010-08-03,947
215,2010-08-04,1192
216,2010-08-05,2338
217,2010-08-06,6560
218,2010-08-07,2937
219,2010-08-08,3724
220,2010-08-09,2056
221,2010-08-10,2076
222,2010-08-11,1918
223,2010-08-12,2223
224,2010-08-13,2061
225,2010-08-14,2767
226,2010-08-15,1870
227,2010-08-16,1446
228,2010-08-17,1516
229,2010-08-18,1545
230,2010-08-19,1751
231,2010-08-20,2059
232,2010-08-21,2597
233,2010-08-22,2027
234,2010-08-23,1592
235,2010-08-24,1573
236,2010-08-25,1546
237,2010-08-26,1569
238,2010-08-27,1880
239,2010-08-28,2196
240,2010-08-29,1600
241,2010-08-30,955
242,2010-08-31,877
243,2010-09-01,807
244,2010-09-02,926
245,2010-09-03,1389
246,2010-09-04,1207
247,2010-09-05,1114
248,2010-09-06,1006
249,2010-09-07,1113
250,2010-09-08,1156
251,2010-09-09,1515
252,2010-09-10,1574
253,2010-09-11,1991
254,2010-09-12,1566
255,2010-09-13,982
256,2010-09-14,1064
257,2010-09-15,1030
258,2010-09-16,1086
259,2010-09-17,1338
260,2010-09-18,1446
261,2010-09-19,1298
262,2010-09-20,914
263,2010-09-21,1094
264,2010-09-22,1107
265,2010-09-23,1325
266,2010-09-24,1687
267,2010-09-25,1680
268,2010-09-26,1457
269,2010-09-27,1032
270,2010-09-28,881
271,2010-09-29,1085
272,2010-09-30,977
273,2010-10-01,1317
274,2010-10-02,1185
275,2010-10-03,946
276,2010-10-04,619
277,2010-10-05,735
278,2010-10-06,743
279,2010-10-07,797
280,2010-10-08,935
281,2010-10-09,1260
282,2010-10-10,1118
283,2010-10-11,1291
284,2010-10-12,1554
285,2010-10-13,1005
286,2010-10-14,982
287,2010-10-15,1182
288,2010-10-16,1388
289,2010-10-17,1110
290,2010-10-18,508
291,2010-10-19,537
292,2010-10-20,495
293,2010-10-21,675
294,2010-10-22,900
295,2010-10-23,1123
296,2010-10-24,761
297,2010-10-25,451
298,2010-10-26,337
299,2010-10-27,397
300,2010-10-28,490
301,2010-10-29,581
302,2010-10-30,592
303,2010-10-31,581
304,2010-11-01,511
305,2010-11-02,252
306,2010-11-03,324
307,2010-11-04,345
308,2010-11-05,423
309,2010-11-06,42
310,2010-11-07,432
311,2010-11-08,267
312,2010-11-09,218
313,2010-11-10,206
314,2010-11-11,207
315,2010-11-12,301
316,2010-11-13,891
317,2010-11-14,352
318,2010-11-15,115
319,2010-11-16,209
320,2010-11-17,113
321,2010-11-18,109
322,2010-11-19,175
323,2010-11-20,324
324,2010-11-21,478
325,2010-11-22,114
326,2010-11-23,164
327,2010-11-24,97
328,2010-11-25,124
329,2010-11-26,247
330,2010-11-27,366
331,2010-11-28,509
332,2010-11-29,108
333,2010-11-30,52
334,2010-12-01,73
335,2010-12-02,93
336,2010-12-03,81
337,2010-12-04,160
338,2010-12-05,170
339,2010-12-06,336
340,2010-12-07,512
341,2010-12-08,539
342,2010-12-09,249
343,2010-12-10,209
344,2010-12-11,536
345,2010-12-12,355
346,2010-12-13,66
347,2010-12-14,76
348,2010-12-15,51
349,2010-12-16,78
350,2010-12-17,98
351,2010-12-18,331
352,2010-12-19,296
353,2010-12-20,65
354,2010-12-21,86
355,2010-12-22,69
356,2010-12-23,89
357,2010-12-24,50
358,2010-12-25,19
359,2010-12-26,216
360,2010-12-27,81
361,2010-12-28,140
362,2010-12-29,241
363,2010-12-30,344
364,2010-12-31,257
365,2011-01-01,26
366,2011-01-02,60
367,2011-01-03,26
368,2011-01-04,22
369,2011-01-05,17
370,2011-01-06,23
371,2011-01-07,42
372,2011-01-08,33
373,2011-01-09,6
374,2011-01-10,10
375,2011-01-11,17
376,2011-01-12,5
377,2011-01-13,17
378,2011-01-14,18
379,2011-01-15,27
380,2011-01-16,11
381,2011-01-17,9
382,2011-01-18,12
383,2011-01-19,8
384,2011-01-20,10
385,2011-01-21,29
386,2011-01-22,30
387,2011-01-23,13
388,2011-01-24,7
389,2011-01-25,33
390,2011-01-26,17
391,2011-01-27,27
392,2011-01-28,24
393,2011-01-29,23
394,2011-01-30,28
395,2011-01-31,14
396,2011-02-01,10
397,2011-02-02,8
398,2011-02-03,15
399,2011-02-04,11
400,2011-02-05,40
401,2011-02-06,22
402,2011-02-07,14
403,2011-02-08,36
404,2011-02-09,18
405,2011-02-10,39
406,2011-02-11,81
407,2011-02-12,25
408,2011-02-13,12
409,2011-02-14,24
410,2011-02-15,6
411,2011-02-16,17
412,2011-02-17,15
413,2011-02-18,31
414,2011-02-19,34
415,2011-02-20,35
416,2011-02-21,42
417,2011-02-22,12
418,2011-02-23,37
419,2011-02-24,31
420,2011-02-25,77
421,2011-02-26,51
422,2011-02-27,27
423,2011-02-28,50
424,2011-03-01,87
425,2011-03-02,65
426,2011-03-03,64
427,2011-03-04,55
428,2011-03-05,84
429,2011-03-06,70
430,2011-03-07,70
431,2011-03-08,176
432,2011-03-09,65
433,2011-03-10,77
434,2011-03-11,134
435,2011-03-12,228
436,2011-03-13,62
437,2011-03-14,40
438,2011-03-15,67
439,2011-03-16,65
440,2011-03-17,50
441,2011-03-18,185
442,2011-03-19,57
443,2011-03-20,79
444,2011-03-21,62
445,2011-03-22,68
446,2011-03-23,64
447,2011-03-24,84
448,2011-03-25,186
449,2011-03-26,145
450,2011-03-27,97
451,2011-03-28,116
452,2011-03-29,64
453,2011-03-30,145
454,2011-03-31,212
455,2011-04-01,184
456,2011-04-02,137
457,2011-04-03,137
458,2011-04-04,99
459,2011-04-05,79
460,2011-04-06,224
461,2011-04-07,129
462,2011-04-08,339
463,2011-04-09,216
464,2011-04-10,267
465,2011-04-11,196
466,2011-04-12,261
467,2011-04-13,309
468,2011-04-14,348
469,2011-04-15,470
470,2011-04-16,433
471,2011-04-17,279
472,2011-04-18,239
473,2011-04-19,423
474,2011-04-20,842
475,2011-04-21,1103
476,2011-04-22,1214
477,2011-04-23,1572
478,2011-04-24,1110
479,2011-04-25,579
480,2011-04-26,481
481,2011-04-27,572
482,2011-04-28,481
483,2011-04-29,754
484,2011-04-30,677
485,2011-05-01,509
486,2011-05-02,459
487,2011-05-03,437
488,2011-05-04,420
489,2011-05-05,478
490,2011-05-06,680
491,2011-05-07,595
492,2011-05-08,497
493,2011-05-09,467
494,2011-05-10,478
495,2011-05-11,471
496,2011-05-12,592
497,2011-05-13,743
498,2011-05-14,723
499,2011-05-15,651
500,2011-05-16,639
501,2011-05-17,606
502,2011-05-18,537
503,2011-05-19,664
504,2011-05-20,766
505,2011-05-21,717
506,2011-05-22,747
507,2011-05-23,564
508,2011-05-24,713
509,2011-05-25,734
510,2011-05-26,881
511,2011-05-27,971
512,2011-05-28,846
513,2011-05-29,730
514,2011-05-30,687
515,2011-05-31,803
516,2011-06-01,565
517,2011-06-02,759
518,2011-06-03,811
519,2011-06-04,961
520,2011-06-05,745
521,2011-06-06,677
522,2011-06-07,686
523,2011-06-08,798
524,2011-06-09,845
525,2011-06-10,1060
526,2011-06-11,1215
527,2011-06-12,1321
528,2011-06-13,685
529,2011-06-14,658
530,2011-06-15,645
531,2011-06-16,725
532,2011-06-17,829
533,2011-06-18,793
534,2011-06-19,798
535,2011-06-20,717
536,2011-06-21,687
537,2011-06-22,901
538,2011-06-23,907
539,2011-06-24,1139
540,2011-06-25,1240
541,2011-06-26,912
542,2011-06-27,726
543,2011-06-28,724
544,2011-06-29,986
545,2011-06-30,724
546,2011-07-01,1161
547,2011-07-02,994
548,2011-07-03,583
549,2011-07-04,613
550,2011-07-05,559
551,2011-07-06,1043
552,2011-07-07,1121
553,2011-07-08,1114
554,2011-07-09,1141
555,2011-07-10,1008
556,2011-07-11,858
557,2011-07-12,836
558,2011-07-13,870
559,2011-07-14,756
560,2011-07-15,1128
561,2011-07-16,945
562,2011-07-17,741
563,2011-07-18,597
564,2011-07-19,641
565,2011-07-20,821
566,2011-07-21,856
567,2011-07-22,1467
568,2011-07-23,1485
569,2011-07-24,1522
570,2011-07-25,989
571,2011-07-26,1005
572,2011-07-27,886
573,2011-07-28,1381
574,2011-07-29,1598
575,2011-07-30,1201
576,2011-07-31,921
577,2011-08-01,724
578,2011-08-02,743
579,2011-08-03,869
580,2011-08-04,992
581,2011-08-05,1744
582,2011-08-06,1743
583,2011-08-07,1475
584,2011-08-08,1424
585,2011-08-09,1450
586,2011-08-10,1448
587,2011-08-11,1601
588,2011-08-12,1880
589,2011-08-13,2025
590,2011-08-14,1467
591,2011-08-15,1588
592,2011-08-16,1178
593,2011-08-17,1352
594,2011-08-18,1600
595,2011-08-19,1592
596,2011-08-20,1746
597,2011-08-21,1293
598,2011-08-22,1022
599,2011-08-23,1208
600,2011-08-24,1288
601,2011-08-25,1290
602,2011-08-26,1615
603,2011-08-27,1489
604,2011-08-28,1238
605,2011-08-29,1010
606,2011-08-30,744
607,2011-08-31,650
608,2011-09-01,724
609,2011-09-02,893
610,2011-09-03,802
611,2011-09-04,801
612,2011-09-05,479
613,2011-09-06,765
614,2011-09-07,793
615,2011-09-08,990
616,2011-09-09,1254
617,2011-09-10,1193
618,2011-09-11,839
619,2011-09-12,738
620,2011-09-13,675
621,2011-09-14,739
622,2011-09-15,825
623,2011-09-16,1099
624,2011-09-17,1062
625,2011-09-18,810
626,2011-09-19,679
627,2011-09-20,718
628,2011-09-21,839
629,2011-09-22,1015
630,2011-09-23,1100
631,2011-09-24,1121
632,2011-09-25,978
633,2011-09-26,736
634,2011-09-27,816
635,2011-09-28,716
636,2011-09-29,862
637,2011-09-30,962
638,2011-10-01,810
639,2011-10-02,724
640,2011-10-03,580
641,2011-10-04,559
642,2011-10-05,548
643,2011-10-06,708
644,2011-10-07,805
645,2011-10-08,661
646,2011-10-09,672
647,2011-10-10,618
648,2011-10-11,663
649,2011-10-12,643
650,2011-10-13,567
651,2011-10-14,800
652,2011-10-15,647
653,2011-10-16,617
654,2011-10-17,374
655,2011-10-18,351
656,2011-10-19,355
657,2011-10-20,375
658,2011-10-21,782
659,2011-10-22,544
660,2011-10-23,393
661,2011-10-24,278
662,2011-10-25,294
663,2011-10-26,203
664,2011-10-27,250
665,2011-10-28,396
666,2011-10-29,413
667,2011-10-30,299
668,2011-10-31,313
669,2011-11-01,321
670,2011-11-02,243
671,2011-11-03,190
672,2011-11-04,215
673,2011-11-05,166
674,2011-11-06,120
675,2011-11-07,135
676,2011-11-08,132
677,2011-11-09,122
678,2011-11-10,99
679,2011-11-11,184
680,2011-11-12,162
681,2011-11-13,197
682,2011-11-14,74
683,2011-11-15,78
684,2011-11-16,70
685,2011-11-17,86
686,2011-11-18,98
687,2011-11-19,97
688,2011-11-20,91
689,2011-11-21,82
690,2011-11-22,58
691,2011-11-23,89
692,2011-11-24,63
693,2011-11-25,70
694,2011-11-26,95
695,2011-11-27,118
696,2011-11-28,50
697,2011-11-29,47
698,2011-11-30,39
699,2011-12-01,34
700,2011-12-02,48
701,2011-12-03,60
702,2011-12-04,52
703,2011-12-05,47
704,2011-12-06,70
705,2011-12-07,110
706,2011-12-08,96
707,2011-12-09,177
708,2011-12-10,149
709,2011-12-11,82
710,2011-12-12,34
711,2011-12-13,28
712,2011-12-14,22
713,2011-12-15,22
714,2011-12-16,26
715,2011-12-17,31
716,2011-12-18,43
717,2011-12-19,26
718,2011-12-20,12
719,2011-12-21,12
720,2011-12-22,26
721,2011-12-23,15
722,2011-12-24,25
723,2011-12-25,8
724,2011-12-26,12
725,2011-12-27,21
726,2011-12-28,31
727,2011-12-29,30
728,2011-12-30,71
729,2011-12-31,78
730,2012-01-01,32
731,2012-01-02,60
732,2012-01-03,17
733,2012-01-04,30
734,2012-01-05,37
735,2012-01-06,25
736,2012-01-07,31
737,2012-01-08,24
738,2012-01-09,16
739,2012-01-10,12
740,2012-01-11,20
741,2012-01-12,24
742,2012-01-13,38
743,2012-01-14,36
744,2012-01-15,46
745,2012-01-16,30
746,2012-01-17,34
747,2012-01-18,6
748,2012-01-19,17
749,2012-01-20,26
750,2012-01-21,13
751,2012-01-22,31
752,2012-01-23,23
753,2012-01-24,31
754,2012-01-25,16
755,2012-01-26,16
756,2012-01-27,83
757,2012-01-28,28
758,2012-01-29,32
759,2012-01-30,18
760,2012-01-31,20
761,2012-02-01,22
762,2012-02-02,22
763,2012-02-03,24
764,2012-02-04,28
765,2012-02-05,18
766,2012-02-06,10
767,2012-02-07,16
768,2012-02-08,45
769,2012-02-09,33
770,2012-02-10,97
771,2012-02-11,11
772,2012-02-12,22
773,2012-02-13,20
774,2012-02-14,12
775,2012-02-15,35
776,2012-02-16,22
777,2012-02-17,34
778,2012-02-18,42
779,2012-02-19,61
780,2012-02-20,52
781,2012-02-21,153
782,2012-02-22,43
783,2012-02-23,72
784,2012-02-24,193
785,2012-02-25,82
786,2012-02-26,45
787,2012-02-27,19
788,2012-02-28,30
789,2012-02-29,42
790,2012-03-01,23
791,2012-03-02,168
792,2012-03-03,38
793,2012-03-04,34
794,2012-03-05,24
795,2012-03-06,51
796,2012-03-07,29
797,2012-03-08,76
798,2012-03-09,75
799,2012-03-10,51
800,2012-03-11,44
801,2012-03-12,46
802,2012-03-13,47
803,2012-03-14,98
804,2012-03-15,75
805,2012-03-16,61
806,2012-03-17,105
807,2012-03-18,126
808,2012-03-19,72
809,2012-03-20,111
810,2012-03-21,98
811,2012-03-22,138
812,2012-03-23,179
813,2012-03-24,144
814,2012-03-25,94
815,2012-03-26,123
816,2012-03-27,131
817,2012-03-28,161
818,2012-03-29,211
819,2012-03-30,324
820,2012-03-31,302
821,2012-04-01,253
822,2012-04-02,306
823,2012-04-03,604
824,2012-04-04,768
825,2012-04-05,859
826,2012-04-06,1119
827,2012-04-07,1040
828,2012-04-08,983
829,2012-04-09,481
830,2012-04-10,398
831,2012-04-11,379
832,2012-04-12,393
833,2012-04-13,528
834,2012-04-14,500
835,2012-04-15,330
836,2012-04-16,196
837,2012-04-17,174
838,2012-04-18,180
839,2012-04-19,344
840,2012-04-20,486
841,2012-04-21,276
842,2012-04-22,297
843,2012-04-23,255
844,2012-04-24,351
845,2012-04-25,279
846,2012-04-26,436
847,2012-04-27,561
848,2012-04-28,578
849,2012-04-29,563
850,2012-04-30,824
851,2012-05-01,972
852,2012-05-02,679
853,2012-05-03,601
854,2012-05-04,713
855,2012-05-05,745
856,2012-05-06,483
857,2012-05-07,359
858,2012-05-08,407
859,2012-05-09,560
860,2012-05-10,430
861,2012-05-11,845
862,2012-05-12,772
863,2012-05-13,651
864,2012-05-14,579
865,2012-05-15,523
866,2012-05-16,542
867,2012-05-17,749
868,2012-05-18,843
869,2012-05-19,902
870,2012-05-20,785
871,2012-05-21,673
872,2012-05-22,582
873,2012-05-23,798
874,2012-05-24,784
875,2012-05-25,996
876,2012-05-26,975
877,2012-05-27,806
878,2012-05-28,776
879,2012-05-29,705
880,2012-05-30,756
881,2012-05-31,785
882,2012-06-01,976
883,2012-06-02,936
884,2012-06-03,765
885,2012-06-04,733
886,2012-06-05,754
887,2012-06-06,719
888,2012-06-07,1006
889,2012-06-08,1320
890,2012-06-09,1320
891,2012-06-10,912
892,2012-06-11,693
893,2012-06-12,691
894,2012-06-13,740
895,2012-06-14,760
896,2012-06-15,913
897,2012-06-16,1033
898,2012-06-17,719
899,2012-06-18,604
900,2012-06-19,710
901,2012-06-20,655
902,2012-06-21,724
903,2012-06-22,872
904,2012-06-23,919
905,2012-06-24,694
906,2012-06-25,653
907,2012-06-26,870
908,2012-06-27,801
909,2012-06-28,913
910,2012-06-29,1070
911,2012-06-30,1042
912,2012-07-01,701
913,2012-07-02,513
914,2012-07-03,732
915,2012-07-04,821
916,2012-07-05,827
917,2012-07-06,1371
918,2012-07-07,1377
919,2012-07-08,1056
920,2012-07-09,918
921,2012-07-10,1175
922,2012-07-11,942
923,2012-07-12,993
924,2012-07-13,1152
925,2012-07-14,1207
926,2012-07-15,852
927,2012-07-16,771
928,2012-07-17,784
929,2012-07-18,878
930,2012-07-19,947
931,2012-07-20,1092
932,2012-07-21,1217
933,2012-07-22,1181
934,2012-07-23,1151
935,2012-07-24,1675
936,2012-07-25,1060
937,2012-07-26,1116
938,2012-07-27,1622
939,2012-07-28,1534
940,2012-07-29,1419
941,2012-07-30,892
942,2012-07-31,842
943,2012-08-01,968
944,2012-08-02,932
945,2012-08-03,1078
946,2012-08-04,1078
947,2012-08-05,1101
948,2012-08-06,1230
949,2012-08-07,1518
950,2012-08-08,1422
951,2012-08-09,1598
952,2012-08-10,2148
953,2012-08-11,2189
954,2012-08-12,1815
955,2012-08-13,1180
956,2012-08-14,1293
957,2012-08-15,1443
958,2012-08-16,1335
959,2012-08-17,1401
960,2012-08-18,1638
961,2012-08-19,1250
962,2012-08-20,1084
963,2012-08-21,1140
964,2012-08-22,1460
965,2012-08-23,1383
966,2012-08-24,1526
967,2012-08-25,1560
968,2012-08-26,1210
969,2012-08-27,990
970,2012-08-28,918
971,2012-08-29,1013
972,2012-08-30,1140
973,2012-08-31,1055
974,2012-09-01,1028
975,2012-09-02,650
976,2012-09-03,570
977,2012-09-04,499
978,2012-09-05,664
979,2012-09-06,1075
980,2012-09-07,1035
981,2012-09-08,1156
982,2012-09-09,799
983,2012-09-10,731
984,2012-09-11,765
985,2012-09-12,777
986,2012-09-13,933
987,2012-09-14,1235
988,2012-09-15,1186
989,2012-09-16,749
990,2012-09-17,659
991,2012-09-18,848
992,2012-09-19,808
993,2012-09-20,1012
994,2012-09-21,1080
995,2012-09-22,1266
996,2012-09-23,900
997,2012-09-24,957
998,2012-09-25,795
999,2012-09-26,851
1000,2012-09-27,1068
1001,2012-09-28,1295
1002,2012-09-29,1095
1003,2012-09-30,835
1004,2012-10-01,667
1005,2012-10-02,576
1006,2012-10-03,637
1007,2012-10-04,686
1008,2012-10-05,806
1009,2012-10-06,937
1010,2012-10-07,894
1011,2012-10-08,659
1012,2012-10-09,608
1013,2012-10-10,551
1014,2012-10-11,830
1015,2012-10-12,984
1016,2012-10-13,1027
1017,2012-10-14,816
1018,2012-10-15,530
1019,2012-10-16,429
1020,2012-10-17,462
1021,2012-10-18,542
1022,2012-10-19,640
1023,2012-10-20,630
1024,2012-10-21,462
1025,2012-10-22,401
1026,2012-10-23,409
1027,2012-10-24,310
1028,2012-10-25,424
1029,2012-10-26,431
1030,2012-10-27,469
1031,2012-10-28,352
1032,2012-10-29,233
1033,2012-10-30,267
1034,2012-10-31,422
1035,2012-11-01,291
1036,2012-11-02,246
1037,2012-11-03,318
1038,2012-11-04,302
1039,2012-11-05,160
1040,2012-11-06,149
1041,2012-11-07,135
1042,2012-11-08,159
1043,2012-11-09,150
1044,2012-11-10,223
1045,2012-11-11,243
1046,2012-11-12,163
1047,2012-11-13,96
1048,2012-11-14,116
1049,2012-11-15,155
1050,2012-11-16,158
1051,2012-11-17,102
1052,2012-11-18,126
1053,2012-11-19,93
1054,2012-11-20,81
1055,2012-11-21,59
1056,2012-11-22,73
1057,2012-11-23,94
1058,2012-11-24,88
1059,2012-11-25,97
1060,2012-11-26,67
1061,2012-11-27,41
1062,2012-11-28,62
1063,2012-11-29,74
1064,2012-11-30,49
1065,2012-12-01,68
1066,2012-12-02,42
1067,2012-12-03,29
1068,2012-12-04,35
1069,2012-12-05,31
1070,2012-12-06,65
1071,2012-12-07,61
1072,2012-12-08,150
1073,2012-12-09,107
1074,2012-12-10,45
1075,2012-12-11,50
1076,2012-12-12,30
1077,2012-12-13,47
1078,2012-12-14,39
1079,2012-12-15,55
1080,2012-12-16,27
1081,2012-12-17,26
1082,2012-12-18,29
1083,2012-12-19,15
1084,2012-12-20,13
1085,2012-12-21,96
1086,2012-12-22,28
1087,2012-12-23,45
1088,2012-12-24,26
1089,2012-12-25,10
1090,2012-12-26,33
1091,2012-12-27,14
1092,2012-12-28,20
1093,2012-12-29,36
1094,2012-12-30,101
1095,2012-12-31,110
1096,2013-01-01,40
1097,2013-01-02,50
1098,2013-01-03,33
1099,2013-01-04,39
1100,2013-01-05,40
1101,2013-01-06,26
1102,2013-01-07,19
1103,2013-01-08,23
1104,2013-01-09,23
1105,2013-01-10,17
1106,2013-01-11,30
1107,2013-01-12,22
1108,2013-01-13,18
1109,2013-01-14,39
1110,2013-01-15,15
1111,2013-01-16,26
1112,2013-01-17,22
1113,2013-01-18,31
1114,2013-01-19,15
1115,2013-01-20,19
1116,2013-01-21,20
1117,2013-01-22,18
1118,2013-01-23,12
1119,2013-01-24,19
1120,2013-01-25,39
1121,2013-01-26,14
1122,2013-01-27,27
1123,2013-01-28,17
1124,2013-01-29,35
1125,2013-01-30,31
1126,2013-01-31,27
1127,2013-02-01,86
1128,2013-02-02,50
1129,2013-02-03,8
1130,2013-02-04,26
1131,2013-02-05,27
1132,2013-02-06,24
1133,2013-02-07,35
1134,2013-02-08,50
1135,2013-02-09,36
1136,2013-02-10,21
1137,2013-02-11,86
1138,2013-02-12,103
1139,2013-02-13,50
1140,2013-02-14,139
1141,2013-02-15,84
1142,2013-02-16,38
1143,2013-02-17,46
1144,2013-02-18,23
1145,2013-02-19,45
1146,2013-02-20,27
1147,2013-02-21,31
1148,2013-02-22,51
1149,2013-02-23,42
1150,2013-02-24,34
1151,2013-02-25,42
1152,2013-02-26,36
1153,2013-02-27,118
1154,2013-02-28,24
1155,2013-03-01,81
1156,2013-03-02,101
1157,2013-03-03,39
1158,2013-03-04,20
1159,2013-03-05,32
1160,2013-03-06,105
1161,2013-03-07,60
1162,2013-03-08,61
1163,2013-03-09,59
1164,2013-03-10,41
1165,2013-03-11,45
1166,2013-03-12,65
1167,2013-03-13,34
1168,2013-03-14,99
1169,2013-03-15,110
1170,2013-03-16,126
1171,2013-03-17,119
1172,2013-03-18,149
1173,2013-03-19,121
1174,2013-03-20,143
1175,2013-03-21,226
1176,2013-03-22,476
1177,2013-03-23,174
1178,2013-03-24,246
1179,2013-03-25,176
1180,2013-03-26,464
1181,2013-03-27,632
1182,2013-03-28,668
1183,2013-03-29,833
1184,2013-03-30,946
1185,2013-03-31,777
1186,2013-04-01,440
1187,2013-04-02,273
1188,2013-04-03,274
1189,2013-04-04,333
1190,2013-04-05,593
1191,2013-04-06,475
1192,2013-04-07,374
1193,2013-04-08,242
1194,2013-04-09,185
1195,2013-04-10,200
1196,2013-04-11,292
1197,2013-04-12,324
1198,2013-04-13,284
1199,2013-04-14,262
1200,2013-04-15,172
1201,2013-04-16,198
1202,2013-04-17,247
1203,2013-04-18,309
1204,2013-04-19,401
1205,2013-04-20,362
1206,2013-04-21,335
1207,2013-04-22,323
1208,2013-04-23,360
1209,2013-04-24,329
1210,2013-04-25,446
1211,2013-04-26,659
1212,2013-04-27,921
1213,2013-04-28,735
1214,2013-04-29,614
1215,2013-04-30,570
1216,2013-05-01,652
1217,2013-05-02,877
1218,2013-05-03,814
1219,2013-05-04,1057
1220,2013-05-05,1015
1221,2013-05-06,513
1222,2013-05-07,535
1223,2013-05-08,783
1224,2013-05-09,654
1225,2013-05-10,881
1226,2013-05-11,802
1227,2013-05-12,708
1228,2013-05-13,561
1229,2013-05-14,627
1230,2013-05-15,702
1231,2013-05-16,703
1232,2013-05-17,939
1233,2013-05-18,939
1234,2013-05-19,780
1235,2013-05-20,603
1236,2013-05-21,723
1237,2013-05-22,795
1238,2013-05-23,876
1239,2013-05-24,1011
1240,2013-05-25,1062
1241,2013-05-26,848
1242,2013-05-27,765
1243,2013-05-28,980
1244,2013-05-29,916
1245,2013-05-30,946
1246,2013-05-31,1138
1247,2013-06-01,1029
1248,2013-06-02,843
1249,2013-06-03,707
1250,2013-06-04,921
1251,2013-06-05,766
1252,2013-06-06,918
1253,2013-06-07,1024
1254,2013-06-08,1131
1255,2013-06-09,1294
1256,2013-06-10,1123
1257,2013-06-11,897
1258,2013-06-12,979
1259,2013-06-13,1008
1260,2013-06-14,1206
1261,2013-06-15,1184
1262,2013-06-16,893
1263,2013-06-17,737
1264,2013-06-18,815
1265,2013-06-19,736
1266,2013-06-20,852
1267,2013-06-21,1108
1268,2013-06-22,1042
1269,2013-06-23,962
1270,2013-06-24,839
1271,2013-06-25,828
1272,2013-06-26,989
1273,2013-06-27,1001
1274,2013-06-28,1260
1275,2013-06-29,1441
1276,2013-06-30,840
1277,2013-07-01,654
1278,2013-07-02,775
1279,2013-07-03,837
1280,2013-07-04,1173
1281,2013-07-05,1684
1282,2013-07-06,1434
1283,2013-07-07,1006
1284,2013-07-08,928
1285,2013-07-09,1060
1286,2013-07-10,1079
1287,2013-07-11,1260
1288,2013-07-12,1285
1289,2013-07-13,1350
1290,2013-07-14,850
1291,2013-07-15,710
1292,2013-07-16,813
1293,2013-07-17,834
1294,2013-07-18,985
1295,2013-07-19,1302
1296,2013-07-20,1470
1297,2013-07-21,1265
1298,2013-07-22,1125
1299,2013-07-23,1209
1300,2013-07-24,2014
1301,2013-07-25,1348
1302,2013-07-26,1590
1303,2013-07-27,1986
1304,2013-07-28,1392
1305,2013-07-29,1131
1306,2013-07-30,960
1307,2013-07-31,1050
1308,2013-08-01,967
1309,2013-08-02,1149
1310,2013-08-03,1260
1311,2013-08-04,1272
1312,2013-08-05,946
1313,2013-08-06,1170
1314,2013-08-07,1536
1315,2013-08-08,1765
1316,2013-08-09,2086
1317,2013-08-10,2406
1318,2013-08-11,2157
1319,2013-08-12,1603
1320,2013-08-13,1630
1321,2013-08-14,1428
1322,2013-08-15,1650
1323,2013-08-16,1708
1324,2013-08-17,1914
1325,2013-08-18,1486
1326,2013-08-19,1183
1327,2013-08-20,1357
1328,2013-08-21,1341
1329,2013-08-22,1606
1330,2013-08-23,2021
1331,2013-08-24,2128
1332,2013-08-25,1634
1333,2013-08-26,1157
1334,2013-08-27,1038
1335,2013-08-28,1179
1336,2013-08-29,1303
1337,2013-08-30,1399
1338,2013-08-31,1246
1339,2013-09-01,866
1340,2013-09-02,635
1341,2013-09-03,610
1342,2013-09-04,725
1343,2013-09-05,947
1344,2013-09-06,1352
1345,2013-09-07,1308
1346,2013-09-08,1084
1347,2013-09-09,897
1348,2013-09-10,886
1349,2013-09-11,885
1350,2013-09-12,1065
1351,2013-09-13,1329
1352,2013-09-14,1236
1353,2013-09-15,996
1354,2013-09-16,880
1355,2013-09-17,748
1356,2013-09-18,962
1357,2013-09-19,1136
1358,2013-09-20,1422
1359,2013-09-21,1233
1360,2013-09-22,1147
1361,2013-09-23,1006
1362,2013-09-24,924
1363,2013-09-25,1004
1364,2013-09-26,1207
1365,2013-09-27,1511
1366,2013-09-28,1167
1367,2013-09-29,1037
1368,2013-09-30,689
1369,2013-10-01,776
1370,2013-10-02,788
1371,2013-10-03,766
1372,2013-10-04,1063
1373,2013-10-05,937
1374,2013-10-06,744
1375,2013-10-07,647
1376,2013-10-08,745
1377,2013-10-09,747
1378,2013-10-10,788
1379,2013-10-11,1240
1380,2013-10-12,889
1381,2013-10-13,681
1382,2013-10-14,533
1383,2013-10-15,521
1384,2013-10-16,566
1385,2013-10-17,613
1386,2013-10-18,729
1387,2013-10-19,733
1388,2013-10-20,494
1389,2013-10-21,378
1390,2013-10-22,441
1391,2013-10-23,453
1392,2013-10-24,427
1393,2013-10-25,638
1394,2013-10-26,459
1395,2013-10-27,396
1396,2013-10-28,329
1397,2013-10-29,315
1398,2013-10-30,352
1399,2013-10-31,419
1400,2013-11-01,330
1401,2013-11-02,416
1402,2013-11-03,282
1403,2013-11-04,238
1404,2013-11-05,157
1405,2013-11-06,187
1406,2013-11-07,373
1407,2013-11-08,230
1408,2013-11-09,182
1409,2013-11-10,213
1410,2013-11-11,143
1411,2013-11-12,117
1412,2013-11-13,135
1413,2013-11-14,124
1414,2013-11-15,241
1415,2013-11-16,174
1416,2013-11-17,140
1417,2013-11-18,80
1418,2013-11-19,103
1419,2013-11-20,150
1420,2013-11-21,77
1421,2013-11-22,158
1422,2013-11-23,109
1423,2013-11-24,123
1424,2013-11-25,65
1425,2013-11-26,50
1426,2013-11-27,67
1427,2013-11-28,84
1428,2013-11-29,76
1429,2013-11-30,78
1430,2013-12-01,127
1431,2013-12-02,46
1432,2013-12-03,80
1433,2013-12-04,36
1434,2013-12-05,41
1435,2013-12-06,82
1436,2013-12-07,128
1437,2013-12-08,95
1438,2013-12-09,73
1439,2013-12-10,30
1440,2013-12-11,74
1441,2013-12-12,61
1442,2013-12-13,56
1443,2013-12-14,71
1444,2013-12-15,53
1445,2013-12-16,25
1446,2013-12-17,37
1447,2013-12-18,34
1448,2013-12-19,30
1449,2013-12-20,76
1450,2013-12-21,29
1451,2013-12-22,16
1452,2013-12-23,19
1453,2013-12-24,19
1454,2013-12-25,5
1455,2013-12-26,19
1456,2013-12-27,14
1457,2013-12-28,29
1458,2013-12-29,65
1459,2013-12-30,108
1460,2013-12-31,81
1461,2014-01-01,36
1462,2014-01-02,43
1463,2014-01-03,62
1464,2014-01-04,49
1465,2014-01-05,43
1466,2014-01-06,19
1467,2014-01-07,26
1468,2014-01-08,11
1469,2014-01-09,21
1470,2014-01-10,27
1471,2014-01-11,22
1472,2014-01-12,23
1473,2014-01-13,26
1474,2014-01-14,18
1475,2014-01-15,26
1476,2014-01-16,16
1477,2014-01-17,6
1478,2014-01-18,21
1479,2014-01-19,26
1480,2014-01-20,40
1481,2014-01-21,14
1482,2014-01-22,20
1483,2014-01-23,31
1484,2014-01-24,32
1485,2014-01-25,37
1486,2014-01-26,40
1487,2014-01-27,28
1488,2014-01-28,68
1489,2014-01-29,31
1490,2014-01-30,11
1491,2014-01-31,33
1492,2014-02-01,24
1493,2014-02-02,78
1494,2014-02-03,14
1495,2014-02-04,19
1496,2014-02-05,15
1497,2014-02-06,21
1498,2014-02-07,97
1499,2014-02-08,48
1500,2014-02-09,15
1501,2014-02-10,14
1502,2014-02-11,22
1503,2014-02-12,23
1504,2014-02-13,37
1505,2014-02-14,2
1506,2014-02-15,43
1507,2014-02-16,24
1508,2014-02-17,30
1509,2014-02-18,29
1510,2014-02-19,18
1511,2014-02-20,35
1512,2014-02-21,40
1513,2014-02-22,49
1514,2014-02-23,12
1515,2014-02-24,26
1516,2014-02-25,17
1517,2014-02-26,139
1518,2014-02-27,58
1519,2014-02-28,21
1520,2014-03-01,43
1521,2014-03-02,67
1522,2014-03-03,50
1523,2014-03-04,145
1524,2014-03-05,43
1525,2014-03-06,122
1526,2014-03-07,48
1527,2014-03-08,76
1528,2014-03-09,67
1529,2014-03-10,36
1530,2014-03-11,54
1531,2014-03-12,56
1532,2014-03-13,74
1533,2014-03-14,87
1534,2014-03-15,95
1535,2014-03-16,172
1536,2014-03-17,67
1537,2014-03-18,52
1538,2014-03-19,103
1539,2014-03-20,124
1540,2014-03-21,218
1541,2014-03-22,140
1542,2014-03-23,118
1543,2014-03-24,173
1544,2014-03-25,86
1545,2014-03-26,101
1546,2014-03-27,220
1547,2014-03-28,117
1548,2014-03-29,175
1549,2014-03-30,113
1550,2014-03-31,107
1551,2014-04-01,112
1552,2014-04-02,155
1553,2014-04-03,199
1554,2014-04-04,306
1555,2014-04-05,316
1556,2014-04-06,182
1557,2014-04-07,202
1558,2014-04-08,255
1559,2014-04-09,320
1560,2014-04-10,354
1561,2014-04-11,578
1562,2014-04-12,363
1563,2014-04-13,276
1564,2014-04-14,368
1565,2014-04-15,632
1566,2014-04-16,835
1567,2014-04-17,1087
1568,2014-04-18,1481
1569,2014-04-19,1496
1570,2014-04-20,1171
1571,2014-04-21,762
1572,2014-04-22,495
1573,2014-04-23,576
1574,2014-04-24,638
1575,2014-04-25,704
1576,2014-04-26,885
1577,2014-04-27,1003
1578,2014-04-28,509
1579,2014-04-29,511
1580,2014-04-30,563
1581,2014-05-01,780
1582,2014-05-02,955
1583,2014-05-03,1506
1584,2014-05-04,1287
1585,2014-05-05,665
1586,2014-05-06,684
1587,2014-05-07,618
1588,2014-05-08,756
1589,2014-05-09,959
1590,2014-05-10,929
1591,2014-05-11,645
1592,2014-05-12,597
1593,2014-05-13,671
1594,2014-05-14,620
1595,2014-05-15,776
1596,2014-05-16,946
1597,2014-05-17,929
1598,2014-05-18,804
1599,2014-05-19,742
1600,2014-05-20,798
1601,2014-05-21,840
1602,2014-05-22,910
1603,2014-05-23,1135
1604,2014-05-24,1085
1605,2014-05-25,926
1606,2014-05-26,798
1607,2014-05-27,829
1608,2014-05-28,890
1609,2014-05-29,1094
1610,2014-05-30,1084
1611,2014-05-31,1086
1612,2014-06-01,916
1613,2014-06-02,839
1614,2014-06-03,831
1615,2014-06-04,840
1616,2014-06-05,936
1617,2014-06-06,1000
1618,2014-06-07,1256
1619,2014-06-08,1315
1620,2014-06-09,1096
1621,2014-06-10,1309
1622,2014-06-11,1078
1623,2014-06-12,988
1624,2014-06-13,1433
1625,2014-06-14,1328
1626,2014-06-15,1018
1627,2014-06-16,909
1628,2014-06-17,915
1629,2014-06-18,863
1630,2014-06-19,1163
1631,2014-06-20,1250
1632,2014-06-21,1385
1633,2014-06-22,1187
1634,2014-06-23,874
1635,2014-06-24,961
1636,2014-06-25,1183
1637,2014-06-26,1201
1638,2014-06-27,1360
1639,2014-06-28,1396
1640,2014-06-29,1180
1641,2014-06-30,988
1642,2014-07-01,850
1643,2014-07-02,783
1644,2014-07-03,1232
1645,2014-07-04,1402
1646,2014-07-05,1522
1647,2014-07-06,1119
1648,2014-07-07,922
1649,2014-07-08,1010
1650,2014-07-09,999
1651,2014-07-10,1171
1652,2014-07-11,1375
1653,2014-07-12,1734
1654,2014-07-13,1206
1655,2014-07-14,915
1656,2014-07-15,976
1657,2014-07-16,1051
1658,2014-07-17,1112
1659,2014-07-18,1134
1660,2014-07-19,1592
1661,2014-07-20,1439
1662,2014-07-21,1033
1663,2014-07-22,1021
1664,2014-07-23,1371
1665,2014-07-24,2175
1666,2014-07-25,1728
1667,2014-07-26,1507
1668,2014-07-27,1581
1669,2014-07-28,1570
1670,2014-07-29,1338
1671,2014-07-30,1486
1672,2014-07-31,1183
1673,2014-08-01,1415
1674,2014-08-02,1268
1675,2014-08-03,1176
1676,2014-08-04,1115
1677,2014-08-05,1098
1678,2014-08-06,1340
1679,2014-08-07,1790
1680,2014-08-08,2437
1681,2014-08-09,2746
1682,2014-08-10,2137
1683,2014-08-11,1717
1684,2014-08-12,1799
1685,2014-08-13,1728
1686,2014-08-14,1633
1687,2014-08-15,1955
1688,2014-08-16,2002
1689,2014-08-17,1697
1690,2014-08-18,1384
1691,2014-08-19,1330
1692,2014-08-20,1414
1693,2014-08-21,1667
1694,2014-08-22,2337
1695,2014-08-23,2322
1696,2014-08-24,1926
1697,2014-08-25,1451
1698,2014-08-26,1474
1699,2014-08-27,1290
1700,2014-08-28,1545
1701,2014-08-29,1541
1702,2014-08-30,1474
1703,2014-08-31,952
1704,2014-09-01,831
1705,2014-09-02,846
1706,2014-09-03,868
1707,2014-09-04,989
1708,2014-09-05,1325
1709,2014-09-06,1570
1710,2014-09-07,1340
1711,2014-09-08,1068
1712,2014-09-09,981
1713,2014-09-10,1065
1714,2014-09-11,1193
1715,2014-09-12,1497
1716,2014-09-13,1391
1717,2014-09-14,1056
1718,2014-09-15,905
1719,2014-09-16,955
1720,2014-09-17,987
1721,2014-09-18,1080
1722,2014-09-19,1307
1723,2014-09-20,1516
1724,2014-09-21,1163
1725,2014-09-22,1080
1726,2014-09-23,1083
1727,2014-09-24,981
1728,2014-09-25,1352
1729,2014-09-26,1391
1730,2014-09-27,1510
1731,2014-09-28,1379
1732,2014-09-29,878
1733,2014-09-30,837
1734,2014-10-01,842
1735,2014-10-02,1056
1736,2014-10-03,1199
1737,2014-10-04,1078
1738,2014-10-05,916
1739,2014-10-06,770
1740,2014-10-07,694
1741,2014-10-08,642
1742,2014-10-09,810
1743,2014-10-10,1190
1744,2014-10-11,1115
1745,2014-10-12,960
1746,2014-10-13,659
1747,2014-10-14,611
1748,2014-10-15,611
1749,2014-10-16,534
1750,2014-10-17,1126
1751,2014-10-18,836
1752,2014-10-19,586
1753,2014-10-20,498
1754,2014-10-21,535
1755,2014-10-22,563
1756,2014-10-23,687
1757,2014-10-24,941
1758,2014-10-25,744
1759,2014-10-26,519
1760,2014-10-27,533
1761,2014-10-28,390
1762,2014-10-29,475
1763,2014-10-30,577
1764,2014-10-31,489
1765,2014-11-01,316
1766,2014-11-02,281
1767,2014-11-03,214
1768,2014-11-04,197
1769,2014-11-05,208
1770,2014-11-06,199
1771,2014-11-07,246
1772,2014-11-08,227
1773,2014-11-09,278
1774,2014-11-10,185
1775,2014-11-11,173
1776,2014-11-12,142
1777,2014-11-13,154
1778,2014-11-14,201
1779,2014-11-15,232
1780,2014-11-16,169
1781,2014-11-17,110
1782,2014-11-18,84
1783,2014-11-19,86
1784,2014-11-20,147
1785,2014-11-21,144
1786,2014-11-22,131
1787,2014-11-23,104
1788,2014-11-24,85
1789,2014-11-25,90
1790,2014-11-26,77
1791,2014-11-27,91
1792,2014-11-28,105
1793,2014-11-29,65
1794,2014-11-30,60
1795,2014-12-01,53
1796,2014-12-02,61
1797,2014-12-03,59
1798,2014-12-04,76
1799,2014-12-05,51
1800,2014-12-06,79
1801,2014-12-07,99
1802,2014-12-08,147
1803,2014-12-09,73
1804,2014-12-10,46
1805,2014-12-11,92
1806,2014-12-12,27
1807,2014-12-13,48
1808,2014-12-14,73
1809,2014-12-15,47
1810,2014-12-16,32
1811,2014-12-17,31
1812,2014-12-18,43
1813,2014-12-19,32
1814,2014-12-20,35
1815,2014-12-21,56
1816,2014-12-22,45
1817,2014-12-23,44
1818,2014-12-24,44
1819,2014-12-25,18
1820,2014-12-26,28
1821,2014-12-27,36
1822,2014-12-28,69
1823,2014-12-29,39
1824,2014-12-30,102
1825,2014-12-31,185
1826,2015-01-01,52
1827,2015-01-02,75
1828,2015-01-03,69
1829,2015-01-04,65
1830,2015-01-05,52
1831,2015-01-06,66
1832,2015-01-07,28
1833,2015-01-08,25
1834,2015-01-09,43
1835,2015-01-10,34
1836,2015-01-11,21
1837,2015-01-12,29
1838,2015-01-13,21
1839,2015-01-14,43
1840,2015-01-15,35
1841,2015-01-16,47
1842,2015-01-17,34
1843,2015-01-18,37
1844,2015-01-19,17
1845,2015-01-20,35
1846,2015-01-21,46
1847,2015-01-22,37
1848,2015-01-23,41
1849,2015-01-24,49
1850,2015-01-25,42
1851,2015-01-26,33
1852,2015-01-27,25
1853,2015-01-28,34
1854,2015-01-29,27
1855,2015-01-30,28
1856,2015-01-31,27
1857,2015-02-01,29
1858,2015-02-02,20
1859,2015-02-03,11
1860,2015-02-04,37
1861,2015-02-05,38
1862,2015-02-06,106
1863,2015-02-07,29
1864,2015-02-08,43
1865,2015-02-09,34
1866,2015-02-10,39
1867,2015-02-11,82
1868,2015-02-12,52
1869,2015-02-13,55
1870,2015-02-14,27
1871,2015-02-15,35
1872,2015-02-16,57
1873,2015-02-17,138
1874,2015-02-18,44
1875,2015-02-19,55
1876,2015-02-20,87
1877,2015-02-21,60
1878,2015-02-22,152
1879,2015-02-23,36
1880,2015-02-24,15
1881,2015-02-25,115
1882,2015-02-26,54
1883,2015-02-27,53
1884,2015-02-28,41
1885,2015-03-01,38
1886,2015-03-02,21
1887,2015-03-03,31
1888,2015-03-04,41
1889,2015-03-05,55
1890,2015-03-06,84
1891,2015-03-07,59
1892,2015-03-08,79
1893,2015-03-09,51
1894,2015-03-10,58
1895,2015-03-11,66
1896,2015-03-12,82
1897,2015-03-13,156
1898,2015-03-14,90
1899,2015-03-15,130
1900,2015-03-16,77
1901,2015-03-17,89
1902,2015-03-18,114
1903,2015-03-19,155
1904,2015-03-20,160
1905,2015-03-21,186
1906,2015-03-22,211
1907,2015-03-23,222
1908,2015-03-24,157
1909,2015-03-25,265
1910,2015-03-26,368
1911,2015-03-27,583
1912,2015-03-28,336
1913,2015-03-29,305
1914,2015-03-30,354
1915,2015-03-31,457
1916,2015-04-01,826
1917,2015-04-02,1069
1918,2015-04-03,1288
1919,2015-04-04,1279
1920,2015-04-05,1297
1921,2015-04-06,635
1922,2015-04-07,466
1923,2015-04-08,473
1924,2015-04-09,470
1925,2015-04-10,666
1926,2015-04-11,606
1927,2015-04-12,392
1928,2015-04-13,319
1929,2015-04-14,310
1930,2015-04-15,294
1931,2015-04-16,300
1932,2015-04-17,556
1933,2015-04-18,491
1934,2015-04-19,362
1935,2015-04-20,293
1936,2015-04-21,360
1937,2015-04-22,333
1938,2015-04-23,362
1939,2015-04-24,595
1940,2015-04-25,656
1941,2015-04-26,769
1942,2015-04-27,527
1943,2015-04-28,457
1944,2015-04-29,607
1945,2015-04-30,663
1946,2015-05-01,979
1947,2015-05-02,1032
1948,2015-05-03,1492
1949,2015-05-04,669
1950,2015-05-05,681
1951,2015-05-06,782
1952,2015-05-07,791
1953,2015-05-08,1203
1954,2015-05-09,920
1955,2015-05-10,744
1956,2015-05-11,731
1957,2015-05-12,789
1958,2015-05-13,963
1959,2015-05-14,931
1960,2015-05-15,1119
1961,2015-05-16,1071
1962,2015-05-17,949
1963,2015-05-18,848
1964,2015-05-19,942
1965,2015-05-20,1014
1966,2015-05-21,1021
1967,2015-05-22,1257
1968,2015-05-23,1280
1969,2015-05-24,1108
1970,2015-05-25,875
1971,2015-05-26,954
1972,2015-05-27,990
1973,2015-05-28,1033
1974,2015-05-29,1379
1975,2015-05-30,1332
1976,2015-05-31,1197
1977,2015-06-01,970
1978,2015-06-02,922
1979,2015-06-03,1108
1980,2015-06-04,1160
1981,2015-06-05,1474
1982,2015-06-06,1560
1983,2015-06-07,1320
1984,2015-06-08,1099
1985,2015-06-09,1092
1986,2015-06-10,1149
1987,2015-06-11,1127
1988,2015-06-12,1480
1989,2015-06-13,1537
1990,2015-06-14,1289
1991,2015-06-15,850
1992,2015-06-16,951
1993,2015-06-17,1074
1994,2015-06-18,1242
1995,2015-06-19,1512
1996,2015-06-20,1157
1997,2015-06-21,1303
1998,2015-06-22,806
1999,2015-06-23,1054
2000,2015-06-24,971
2001,2015-06-25,1297
2002,2015-06-26,1414
2003,2015-06-27,1433
2004,2015-06-28,1603
2005,2015-06-29,903
2006,2015-06-30,1066
2007,2015-07-01,940
2008,2015-07-02,1178
2009,2015-07-03,1417
2010,2015-07-04,1316
2011,2015-07-05,1507
2012,2015-07-06,1119
2013,2015-07-07,1304
2014,2015-07-08,1247
2015,2015-07-09,1407
2016,2015-07-10,1732
2017,2015-07-11,2272
2018,2015-07-12,1650
2019,2015-07-13,1225
2020,2015-07-14,1043
2021,2015-07-15,1107
2022,2015-07-16,1114
2023,2015-07-17,1377
2024,2015-07-18,1316
2025,2015-07-19,1075
2026,2015-07-20,1035
2027,2015-07-21,1016
2028,2015-07-22,1566
2029,2015-07-23,1725
2030,2015-07-24,3109
2031,2015-07-25,1853
2032,2015-07-26,1534
2033,2015-07-27,1420
2034,2015-07-28,1376
2035,2015-07-29,1646
2036,2015-07-30,1678
2037,2015-07-31,1490
2038,2015-08-01,2110
2039,2015-08-02,1108
2040,2015-08-03,766
2041,2015-08-04,1046
2042,2015-08-05,1309
2043,2015-08-06,1764
2044,2015-08-07,2653
2045,2015-08-08,2828
2046,2015-08-09,2243
2047,2015-08-10,1926
2048,2015-08-11,1674
2049,2015-08-12,1877
2050,2015-08-13,1788
2051,2015-08-14,2256
2052,2015-08-15,2029
2053,2015-08-16,1575
2054,2015-08-17,1541
2055,2015-08-18,1512
2056,2015-08-19,1571
2057,2015-08-20,1702
2058,2015-08-21,2632
2059,2015-08-22,2569
2060,2015-08-23,1837
2061,2015-08-24,1739
2062,2015-08-25,1632
2063,2015-08-26,1357
2064,2015-08-27,1616
2065,2015-08-28,1967
2066,2015-08-29,1892
2067,2015-08-30,1435
2068,2015-08-31,839
2069,2015-09-01,852
2070,2015-09-02,888
2071,2015-09-03,1143
2072,2015-09-04,1380
2073,2015-09-05,1420
2074,2015-09-06,1288
2075,2015-09-07,1031
2076,2015-09-08,1169
2077,2015-09-09,1019
2078,2015-09-10,1309
2079,2015-09-11,1768
2080,2015-09-12,1558
2081,2015-09-13,1268
2082,2015-09-14,1009
2083,2015-09-15,886
2084,2015-09-16,1059
2085,2015-09-17,1356
2086,2015-09-18,1542
2087,2015-09-19,1336
2088,2015-09-20,1363
2089,2015-09-21,1115
2090,2015-09-22,1092
2091,2015-09-23,1259
2092,2015-09-24,1210
2093,2015-09-25,1725
2094,2015-09-26,1584
2095,2015-09-27,1590
2096,2015-09-28,1154
2097,2015-09-29,1066
2098,2015-09-30,990
2099,2015-10-01,1021
2100,2015-10-02,1414
2101,2015-10-03,1209
2102,2015-10-04,1007
2103,2015-10-05,759
2104,2015-10-06,765
2105,2015-10-07,855
2106,2015-10-08,990
2107,2015-10-09,1466
2108,2015-10-10,1267
2109,2015-10-11,997
2110,2015-10-12,993
2111,2015-10-13,1225
2112,2015-10-14,845
2113,2015-10-15,853
2114,2015-10-16,1087
2115,2015-10-17,893
2116,2015-10-18,693
2117,2015-10-19,538
2118,2015-10-20,650
2119,2015-10-21,684
2120,2015-10-22,736
2121,2015-10-23,816
2122,2015-10-24,706
2123,2015-10-25,503
2124,2015-10-26,418
2125,2015-10-27,464
2126,2015-10-28,400
2127,2015-10-29,397
2128,2015-10-30,506
2129,2015-10-31,419
2130,2015-11-01,301
2131,2015-11-02,282
2132,2015-11-03,228
2133,2015-11-04,297
2134,2015-11-05,222
2135,2015-11-06,307
2136,2015-11-07,227
2137,2015-11-08,207
2138,2015-11-09,186
2139,2015-11-10,173
2140,2015-11-11,165
2141,2015-11-12,218
2142,2015-11-13,247
2143,2015-11-14,230
2144,2015-11-15,266
2145,2015-11-16,100
2146,2015-11-17,76
2147,2015-11-18,117
2148,2015-11-19,139
2149,2015-11-20,187
2150,2015-11-21,156
2151,2015-11-22,167
2152,2015-11-23,127
2153,2015-11-24,69
2154,2015-11-25,100
2155,2015-11-26,73
2156,2015-11-27,97
2157,2015-11-28,120
2158,2015-11-29,103
2159,2015-11-30,41
2160,2015-12-01,65
2161,2015-12-02,53
2162,2015-12-03,52
2163,2015-12-04,64
2164,2015-12-05,62
2165,2015-12-06,69
2166,2015-12-07,109
2167,2015-12-08,176
2168,2015-12-09,103
2169,2015-12-10,88
2170,2015-12-11,88
2171,2015-12-12,124
2172,2015-12-13,59
2173,2015-12-14,51
2174,2015-12-15,42
2175,2015-12-16,25
2176,2015-12-17,43
2177,2015-12-18,57
2178,2015-12-19,44
2179,2015-12-20,44
2180,2015-12-21,38
2181,2015-12-22,36
2182,2015-12-23,49
2183,2015-12-24,35
2184,2015-12-25,33
2185,2015-12-26,35
2186,2015-12-27,30
2187,2015-12-28,32
2188,2015-12-29,76
2189,2015-12-30,97
2190,2015-12-31,183
2191,2016-01-01,39
2192,2016-01-02,72
2193,2016-01-03,54
2194,2016-01-04,38
2195,2016-01-05,74
2196,2016-01-06,54
2197,2016-01-07,21
2198,2016-01-08,45
2199,2016-01-09,31
2200,2016-01-10,46
2201,2016-01-11,26
2202,2016-01-12,35
2203,2016-01-13,29
2204,2016-01-14,28
2205,2016-01-15,40
2206,2016-01-16,42
2207,2016-01-17,39
2208,2016-01-18,17
2209,2016-01-19,22
2210,2016-01-20,23
2211,2016-01-21,40
2212,2016-01-22,41
2213,2016-01-23,47
2214,2016-01-24,58
2215,2016-01-25,46
2216,2016-01-26,38
2217,2016-01-27,42
2218,2016-01-28,34
2219,2016-01-29,81
2220,2016-01-30,56
2221,2016-01-31,46
2222,2016-02-01,23
2223,2016-02-02,20
2224,2016-02-03,22
2225,2016-02-04,45
2226,2016-02-05,41
2227,2016-02-06,46
2228,2016-02-07,33
2229,2016-02-08,76
2230,2016-02-09,87
2231,2016-02-10,79
2232,2016-02-11,62
2233,2016-02-12,84
2234,2016-02-13,138
2235,2016-02-14,31
2236,2016-02-15,37
2237,2016-02-16,31
2238,2016-02-17,16
2239,2016-02-18,20
2240,2016-02-19,123
2241,2016-02-20,92
2242,2016-02-21,48
2243,2016-02-22,41
2244,2016-02-23,153
2245,2016-02-24,30
2246,2016-02-25,99
2247,2016-02-26,75
2248,2016-02-27,57
2249,2016-02-28,92
2250,2016-02-29,32
2251,2016-03-01,30
2252,2016-03-02,173
2253,2016-03-03,64
2254,2016-03-04,120
2255,2016-03-05,73
2256,2016-03-06,60
2257,2016-03-07,69
2258,2016-03-08,52
2259,2016-03-09,60
2260,2016-03-10,81
2261,2016-03-11,127
2262,2016-03-12,137
2263,2016-03-13,134
2264,2016-03-14,127
2265,2016-03-15,185
2266,2016-03-16,282
2267,2016-03-17,442
2268,2016-03-18,449
2269,2016-03-19,357
2270,2016-03-20,214
2271,2016-03-21,309
2272,2016-03-22,440
2273,2016-03-23,729
2274,2016-03-24,946
2275,2016-03-25,1217
2276,2016-03-26,1284
2277,2016-03-27,1098
2278,2016-03-28,643
2279,2016-03-29,343
2280,2016-03-30,325
2281,2016-03-31,497
2282,2016-04-01,679
2283,2016-04-02,862
2284,2016-04-03,387
2285,2016-04-04,258
2286,2016-04-05,303
2287,2016-04-06,258
2288,2016-04-07,385
2289,2016-04-08,446
2290,2016-04-09,502
2291,2016-04-10,304
2292,2016-04-11,275
2293,2016-04-12,266
2294,2016-04-13,314
2295,2016-04-14,386
2296,2016-04-15,541
2297,2016-04-16,355
2298,2016-04-17,414
2299,2016-04-18,400
2300,2016-04-19,420
2301,2016-04-20,440
2302,2016-04-21,482
2303,2016-04-22,619
2304,2016-04-23,699
2305,2016-04-24,660
2306,2016-04-25,923
2307,2016-04-26,543
2308,2016-04-27,635
2309,2016-04-28,743
2310,2016-04-29,838
2311,2016-04-30,763
2312,2016-05-01,824
2313,2016-05-02,701
2314,2016-05-03,678
2315,2016-05-04,704
2316,2016-05-05,934
2317,2016-05-06,1097
2318,2016-05-07,946
2319,2016-05-08,915
2320,2016-05-09,768
2321,2016-05-10,653
2322,2016-05-11,774
2323,2016-05-12,907
2324,2016-05-13,1123
2325,2016-05-14,1284
2326,2016-05-15,1114
2327,2016-05-16,726
2328,2016-05-17,964
2329,2016-05-18,913
2330,2016-05-19,1150
2331,2016-05-20,1338
2332,2016-05-21,1323
2333,2016-05-22,1275
2334,2016-05-23,1062
2335,2016-05-24,1035
2336,2016-05-25,1143
2337,2016-05-26,1317
2338,2016-05-27,1762
2339,2016-05-28,1561
2340,2016-05-29,1420
2341,2016-05-30,1238
2342,2016-05-31,1127
2343,2016-06-01,1127
2344,2016-06-02,1172
2345,2016-06-03,1584
2346,2016-06-04,1518
2347,2016-06-05,1361
2348,2016-06-06,1099
2349,2016-06-07,1037
2350,2016-06-08,1009
2351,2016-06-09,1317
2352,2016-06-10,1575
2353,2016-06-11,1666
2354,2016-06-12,1710
2355,2016-06-13,1098
2356,2016-06-14,1091
2357,2016-06-15,1152
2358,2016-06-16,1311
2359,2016-06-17,1537
2360,2016-06-18,1510
2361,2016-06-19,1222
2362,2016-06-20,1244
2363,2016-06-21,1090
2364,2016-06-22,1114
2365,2016-06-23,1160
2366,2016-06-24,1592
2367,2016-06-25,1576
2368,2016-06-26,1333
2369,2016-06-27,1150
2370,2016-06-28,1147
2371,2016-06-29,1174
2372,2016-06-30,1394
2373,2016-07-01,1968
2374,2016-07-02,1279
2375,2016-07-03,1194
2376,2016-07-04,1040
2377,2016-07-05,1057
2378,2016-07-06,1361
2379,2016-07-07,1544
2380,2016-07-08,2358
2381,2016-07-09,2200
2382,2016-07-10,1393
2383,2016-07-11,1262
2384,2016-07-12,1262
2385,2016-07-13,1308
2386,2016-07-14,1347
2387,2016-07-15,1626
2388,2016-07-16,1570
2389,2016-07-17,1028
2390,2016-07-18,911
2391,2016-07-19,1118
2392,2016-07-20,1011
2393,2016-07-21,1417
2394,2016-07-22,1951
2395,2016-07-23,1864
2396,2016-07-24,2074
2397,2016-07-25,1538
2398,2016-07-26,1280
2399,2016-07-27,1395
2400,2016-07-28,1312
2401,2016-07-29,1986
2402,2016-07-30,1569
2403,2016-07-31,1248
2404,2016-08-01,1113
2405,2016-08-02,1085
2406,2016-08-03,1044
2407,2016-08-04,1320
2408,2016-08-05,2228
2409,2016-08-06,2115
2410,2016-08-07,2120
2411,2016-08-08,1892
2412,2016-08-09,1654
2413,2016-08-10,1867
2414,2016-08-11,2038
2415,2016-08-12,2531
2416,2016-08-13,2423
2417,2016-08-14,1746
2418,2016-08-15,1515
2419,2016-08-16,1277
2420,2016-08-17,1457
2421,2016-08-18,1757
2422,2016-08-19,2235
2423,2016-08-20,2164
2424,2016-08-21,1642
2425,2016-08-22,1693
2426,2016-08-23,1604
2427,2016-08-24,1714
2428,2016-08-25,1829
2429,2016-08-26,2148
2430,2016-08-27,2410
2431,2016-08-28,1779
2432,2016-08-29,1260
2433,2016-08-30,1025
2434,2016-08-31,1019
2435,2016-09-01,1027
2436,2016-09-02,1260
2437,2016-09-03,1332
2438,2016-09-04,1047
2439,2016-09-05,896
2440,2016-09-06,1026
2441,2016-09-07,1370
2442,2016-09-08,1529
2443,2016-09-09,1898
2444,2016-09-10,1895
2445,2016-09-11,1416
2446,2016-09-12,1096
2447,2016-09-13,1007
2448,2016-09-14,1152
2449,2016-09-15,1132
2450,2016-09-16,1608
2451,2016-09-17,1465
2452,2016-09-18,1206
2453,2016-09-19,1078
2454,2016-09-20,1219
2455,2016-09-21,1216
2456,2016-09-22,1419
2457,2016-09-23,2097
2458,2016-09-24,1666
2459,2016-09-25,1410
2460,2016-09-26,1253
2461,2016-09-27,1213
2462,2016-09-28,1215
2463,2016-09-29,1312
2464,2016-09-30,1689
2465,2016-10-01,1389
2466,2016-10-02,1178
2467,2016-10-03,978
2468,2016-10-04,981
2469,2016-10-05,1070
2470,2016-10-06,1015
2471,2016-10-07,1543
2472,2016-10-08,1380
2473,2016-10-09,1170
2474,2016-10-10,916
2475,2016-10-11,1022
2476,2016-10-12,1043
2477,2016-10-13,1100
2478,2016-10-14,1408
2479,2016-10-15,1020
2480,2016-10-16,1096
2481,2016-10-17,777
2482,2016-10-18,671
2483,2016-10-19,706
2484,2016-10-20,707
2485,2016-10-21,1094
2486,2016-10-22,866
2487,2016-10-23,656
2488,2016-10-24,588
2489,2016-10-25,484
2490,2016-10-26,582
2491,2016-10-27,625
2492,2016-10-28,729
2493,2016-10-29,505
2494,2016-10-30,474
2495,2016-10-31,449
2496,2016-11-01,568
2497,2016-11-02,352
2498,2016-11-03,357
2499,2016-11-04,473
2500,2016-11-05,338
2501,2016-11-06,242
2502,2016-11-07,234
2503,2016-11-08,202
2504,2016-11-09,253
2505,2016-11-10,227
2506,2016-11-11,348
2507,2016-11-12,189
2508,2016-11-13,278
2509,2016-11-14,167
2510,2016-11-15,163
2511,2016-11-16,156
2512,2016-11-17,158
2513,2016-11-18,232
2514,2016-11-19,192
2515,2016-11-20,162
2516,2016-11-21,108
2517,2016-11-22,133
2518,2016-11-23,95
2519,2016-11-24,101
2520,2016-11-25,193
2521,2016-11-26,110
2522,2016-11-27,102
2523,2016-11-28,109
2524,2016-11-29,82
2525,2016-11-30,70
2526,2016-12-01,66
2527,2016-12-02,85
2528,2016-12-03,203
2529,2016-12-04,114
2530,2016-12-05,313
2531,2016-12-06,129
2532,2016-12-07,131
2533,2016-12-08,208
2534,2016-12-09,201
2535,2016-12-10,226
2536,2016-12-11,118
2537,2016-12-12,51
2538,2016-12-13,55
2539,2016-12-14,45
2540,2016-12-15,30
2541,2016-12-16,89
2542,2016-12-17,100
2543,2016-12-18,66
2544,2016-12-19,38
2545,2016-12-20,35
2546,2016-12-21,35
2547,2016-12-22,45
2548,2016-12-23,41
2549,2016-12-24,32
2550,2016-12-25,19
2551,2016-12-26,30
2552,2016-12-27,32
2553,2016-12-28,32
2554,2016-12-29,40
2555,2016-12-30,106
2556,2016-12-31,149
2557,2017-01-01,51
2558,2017-01-02,67
2559,2017-01-03,49
2560,2017-01-04,57
2561,2017-01-05,75
2562,2017-01-06,62
2563,2017-01-07,54
2564,2017-01-08,46
2565,2017-01-09,19
2566,2017-01-10,16
2567,2017-01-11,34
2568,2017-01-12,35
2569,2017-01-13,66
2570,2017-01-14,32
2571,2017-01-15,29
2572,2017-01-16,27
2573,2017-01-17,38
2574,2017-01-18,28
2575,2017-01-19,42
2576,2017-01-20,45
2577,2017-01-21,67
2578,2017-01-22,8
2579,2017-01-23,35
2580,2017-01-24,32
2581,2017-01-25,44
2582,2017-01-26,39
2583,2017-01-27,90
2584,2017-01-28,57
2585,2017-01-29,40
2586,2017-01-30,60
2587,2017-01-31,10
2588,2017-02-01,34
2589,2017-02-02,45
2590,2017-02-03,32
2591,2017-02-04,51
2592,2017-02-05,28
2593,2017-02-06,29
2594,2017-02-07,25
2595,2017-02-08,37
2596,2017-02-09,71
2597,2017-02-10,53
2598,2017-02-11,58
2599,2017-02-12,32
2600,2017-02-13,40
2601,2017-02-14,124
2602,2017-02-15,25
2603,2017-02-16,60
2604,2017-02-17,82
2605,2017-02-18,59
2606,2017-02-19,69
2607,2017-02-20,41
2608,2017-02-21,47
2609,2017-02-22,121
2610,2017-02-23,57
2611,2017-02-24,70
2612,2017-02-25,65
2613,2017-02-26,49
2614,2017-02-27,137
2615,2017-02-28,155
2616,2017-03-01,298
2617,2017-03-02,99
2618,2017-03-03,144
2619,2017-03-04,133
2620,2017-03-05,51
2621,2017-03-06,79
2622,2017-03-07,71
2623,2017-03-08,57
2624,2017-03-09,113
2625,2017-03-10,100
2626,2017-03-11,95
2627,2017-03-12,85
2628,2017-03-13,156
2629,2017-03-14,208
2630,2017-03-15,108
2631,2017-03-16,145
2632,2017-03-17,182
2633,2017-03-18,172
2634,2017-03-19,205
2635,2017-03-20,126
2636,2017-03-21,173
2637,2017-03-22,112
2638,2017-03-23,179
2639,2017-03-24,212
2640,2017-03-25,361
2641,2017-03-26,203
2642,2017-03-27,138
2643,2017-03-28,261
2644,2017-03-29,205
2645,2017-03-30,269
2646,2017-03-31,436
2647,2017-04-01,269
2648,2017-04-02,224
2649,2017-04-03,241
2650,2017-04-04,424
2651,2017-04-05,505
2652,2017-04-06,515
2653,2017-04-07,930
2654,2017-04-08,479
2655,2017-04-09,424
2656,2017-04-10,519
2657,2017-04-11,881
2658,2017-04-12,1421
2659,2017-04-13,1768
2660,2017-04-14,1970
2661,2017-04-15,1880
2662,2017-04-16,1630
2663,2017-04-17,938
2664,2017-04-18,644
2665,2017-04-19,848
2666,2017-04-20,829
2667,2017-04-21,989
2668,2017-04-22,1158
2669,2017-04-23,687
2670,2017-04-24,784
2671,2017-04-25,765
2672,2017-04-26,809
2673,2017-04-27,983
2674,2017-04-28,1100
2675,2017-04-29,1254
2676,2017-04-30,1057
2677,2017-05-01,1291
2678,2017-05-02,1044
2679,2017-05-03,1030
2680,2017-05-04,1147
2681,2017-05-05,1412
2682,2017-05-06,1212
2683,2017-05-07,919
2684,2017-05-08,773
2685,2017-05-09,813
2686,2017-05-10,932
2687,2017-05-11,901
2688,2017-05-12,1287
2689,2017-05-13,1120
2690,2017-05-14,1040
2691,2017-05-15,951
2692,2017-05-16,828
2693,2017-05-17,890
2694,2017-05-18,1047
2695,2017-05-19,1386
2696,2017-05-20,1384
2697,2017-05-21,1072
2698,2017-05-22,1084
2699,2017-05-23,974
2700,2017-05-24,1140
2701,2017-05-25,1416
2702,2017-05-26,1597
2703,2017-05-27,1594
2704,2017-05-28,1559
2705,2017-05-29,1238
2706,2017-05-30,1044
2707,2017-05-31,1221
2708,2017-06-01,1282
2709,2017-06-02,1860
2710,2017-06-03,1564
2711,2017-06-04,1245
2712,2017-06-05,1081
2713,2017-06-06,1248
2714,2017-06-07,1145
2715,2017-06-08,1475
2716,2017-06-09,1744
2717,2017-06-10,1796
2718,2017-06-11,1373
2719,2017-06-12,1092
2720,2017-06-13,1190
2721,2017-06-14,1268
2722,2017-06-15,1440
2723,2017-06-16,2110
2724,2017-06-17,1437
2725,2017-06-18,1515
2726,2017-06-19,1013
2727,2017-06-20,1190
2728,2017-06-21,1147
2729,2017-06-22,1320
2730,2017-06-23,1614
2731,2017-06-24,1274
2732,2017-06-25,1183
2733,2017-06-26,907
2734,2017-06-27,1204
2735,2017-06-28,1550
2736,2017-06-29,1340
2737,2017-06-30,2012
2738,2017-07-01,1702
2739,2017-07-02,1245
2740,2017-07-03,980
2741,2017-07-04,892
2742,2017-07-05,1308
2743,2017-07-06,1813
2744,2017-07-07,2097
2745,2017-07-08,2200
2746,2017-07-09,1567
2747,2017-07-10,1137
2748,2017-07-11,1290
2749,2017-07-12,1260
2750,2017-07-13,1266
2751,2017-07-14,1965
2752,2017-07-15,1457
2753,2017-07-16,1361
2754,2017-07-17,944
2755,2017-07-18,894
2756,2017-07-19,1223
2757,2017-07-20,1114
2758,2017-07-21,1923
2759,2017-07-22,1792
2760,2017-07-23,1836
2761,2017-07-24,2306
2762,2017-07-25,1355
2763,2017-07-26,1102
2764,2017-07-27,1835
2765,2017-07-28,2396
2766,2017-07-29,2530
2767,2017-07-30,1615
2768,2017-07-31,1065
2769,2017-08-01,994
2770,2017-08-02,2294
2771,2017-08-03,1232
2772,2017-08-04,1914
2773,2017-08-05,1853
2774,2017-08-06,1992
2775,2017-08-07,1841
2776,2017-08-08,1974
2777,2017-08-09,1822
2778,2017-08-10,2037
2779,2017-08-11,2735
2780,2017-08-12,2856
2781,2017-08-13,1923
2782,2017-08-14,2065
2783,2017-08-15,1451
2784,2017-08-16,1196
2785,2017-08-17,1828
2786,2017-08-18,2724
2787,2017-08-19,2117
2788,2017-08-20,1647
2789,2017-08-21,1575
2790,2017-08-22,1609
2791,2017-08-23,1874
2792,2017-08-24,1883
2793,2017-08-25,2711
2794,2017-08-26,2181
2795,2017-08-27,1710
2796,2017-08-28,1611
2797,2017-08-29,1442
2798,2017-08-30,1310
2799,2017-08-31,1279
2800,2017-09-01,1267
2801,2017-09-02,1440
2802,2017-09-03,1097
2803,2017-09-04,885
2804,2017-09-05,792
2805,2017-09-06,1132
2806,2017-09-07,1330
2807,2017-09-08,1798
2808,2017-09-09,1754
2809,2017-09-10,1413
2810,2017-09-11,1162
2811,2017-09-12,1165
2812,2017-09-13,1232
2813,2017-09-14,1373
2814,2017-09-15,1625
2815,2017-09-16,1452
2816,2017-09-17,1482
2817,2017-09-18,1075
2818,2017-09-19,997
2819,2017-09-20,1234
2820,2017-09-21,1506
2821,2017-09-22,2281
2822,2017-09-23,1675
2823,2017-09-24,1498
2824,2017-09-25,1466
2825,2017-09-26,1300
2826,2017-09-27,1364
2827,2017-09-28,1481
2828,2017-09-29,2319
2829,2017-09-30,1594
2830,2017-10-01,1281
2831,2017-10-02,1079
2832,2017-10-03,1050
2833,2017-10-04,1033
2834,2017-10-05,1320
2835,2017-10-06,1584
2836,2017-10-07,1610
2837,2017-10-08,1300
2838,2017-10-09,1049
2839,2017-10-10,1020
2840,2017-10-11,1080
2841,2017-10-12,1329
2842,2017-10-13,1523
2843,2017-10-14,1395
2844,2017-10-15,1305
2845,2017-10-16,845
2846,2017-10-17,782
2847,2017-10-18,862
2848,2017-10-19,841
2849,2017-10-20,1155
2850,2017-10-21,1097
2851,2017-10-22,780
2852,2017-10-23,553
2853,2017-10-24,694
2854,2017-10-25,627
2855,2017-10-26,747
2856,2017-10-27,1071
2857,2017-10-28,830
2858,2017-10-29,538
2859,2017-10-30,424
2860,2017-10-31,537
2861,2017-11-01,472
2862,2017-11-02,395
2863,2017-11-03,501
2864,2017-11-04,518
2865,2017-11-05,492
2866,2017-11-06,229
2867,2017-11-07,302
2868,2017-11-08,230
2869,2017-11-09,241
2870,2017-11-10,358
2871,2017-11-11,320
2872,2017-11-12,279
2873,2017-11-13,225
2874,2017-11-14,195
2875,2017-11-15,235
2876,2017-11-16,214
2877,2017-11-17,238
2878,2017-11-18,179
2879,2017-11-19,238
2880,2017-11-20,111
2881,2017-11-21,125
2882,2017-11-22,133
2883,2017-11-23,203
2884,2017-11-24,175
2885,2017-11-25,228
2886,2017-11-26,116
2887,2017-11-27,79
2888,2017-11-28,110
2889,2017-11-29,114
2890,2017-11-30,91
2891,2017-12-01,114
2892,2017-12-02,126
2893,2017-12-03,136
2894,2017-12-04,82
2895,2017-12-05,76
2896,2017-12-06,119
2897,2017-12-07,206
2898,2017-12-08,273
2899,2017-12-09,235
2900,2017-12-10,166
2901,2017-12-11,169
2902,2017-12-12,94
2903,2017-12-13,69
2904,2017-12-14,27
2905,2017-12-15,53
2906,2017-12-16,79
2907,2017-12-17,84
2908,2017-12-18,51
2909,2017-12-19,33
2910,2017-12-20,52
2911,2017-12-21,69
2912,2017-12-22,70
2913,2017-12-23,67
2914,2017-12-24,29
2915,2017-12-25,8
2916,2017-12-26,29
2917,2017-12-27,42
2918,2017-12-28,44
2919,2017-12-29,63
2920,2017-12-30,88
2921,2017-12-31,140
2922,2018-01-01,48
2923,2018-01-02,53
2924,2018-01-03,63
2925,2018-01-04,52
2926,2018-01-05,73
2927,2018-01-06,52
2928,2018-01-07,46
2929,2018-01-08,27
2930,2018-01-09,41
2931,2018-01-10,26
2932,2018-01-11,32
2933,2018-01-12,69
2934,2018-01-13,52
2935,2018-01-14,35
2936,2018-01-15,48
2937,2018-01-16,44
2938,2018-01-17,32
2939,2018-01-18,46
2940,2018-01-19,47
2941,2018-01-20,79
2942,2018-01-21,44
2943,2018-01-22,52
2944,2018-01-23,61
2945,2018-01-24,39
2946,2018-01-25,61
2947,2018-01-26,158
2948,2018-01-27,67
2949,2018-01-28,38
2950,2018-01-29,53
2951,2018-01-30,45
2952,2018-01-31,44
2953,2018-02-01,52
2954,2018-02-02,53
2955,2018-02-03,30
2956,2018-02-04,32
2957,2018-02-05,53
2958,2018-02-06,58
2959,2018-02-07,51
2960,2018-02-08,53
2961,2018-02-09,69
2962,2018-02-10,92
2963,2018-02-11,59
2964,2018-02-12,57
2965,2018-02-13,172
2966,2018-02-14,75
2967,2018-02-15,94
2968,2018-02-16,118
2969,2018-02-17,106
2970,2018-02-18,52
2971,2018-02-19,45
2972,2018-02-20,74
2973,2018-02-21,88
2974,2018-02-22,88
2975,2018-02-23,95
2976,2018-02-24,78
2977,2018-02-25,85
2978,2018-02-26,107
2979,2018-02-27,118
2980,2018-02-28,127
2981,2018-03-01,98
2982,2018-03-02,108
2983,2018-03-03,93
2984,2018-03-04,51
2985,2018-03-05,51
2986,2018-03-06,57
2987,2018-03-07,48
2988,2018-03-08,146
2989,2018-03-09,130
2990,2018-03-10,125
2991,2018-03-11,77
2992,2018-03-12,124
2993,2018-03-13,80
2994,2018-03-14,166
2995,2018-03-15,159
2996,2018-03-16,263
2997,2018-03-17,134
2998,2018-03-18,181
2999,2018-03-19,242
3000,2018-03-20,220
3001,2018-03-21,468
3002,2018-03-22,539
3003,2018-03-23,787
3004,2018-03-24,433
3005,2018-03-25,390
3006,2018-03-26,352
3007,2018-03-27,531
3008,2018-03-28,991
3009,2018-03-29,1212
3010,2018-03-30,1428
3011,2018-03-31,1372
3012,2018-04-01,1162
3013,2018-04-02,645
3014,2018-04-03,529
3015,2018-04-04,604
3016,2018-04-05,671
3017,2018-04-06,879
3018,2018-04-07,1051
3019,2018-04-08,735
3020,2018-04-09,362
3021,2018-04-10,387
3022,2018-04-11,624
3023,2018-04-12,727
3024,2018-04-13,698
3025,2018-04-14,728
3026,2018-04-15,473
3027,2018-04-16,474
3028,2018-04-17,391
3029,2018-04-18,574
3030,2018-04-19,566
3031,2018-04-20,773
3032,2018-04-21,784
3033,2018-04-22,587
3034,2018-04-23,665
3035,2018-04-24,653
3036,2018-04-25,824
3037,2018-04-26,893
3038,2018-04-27,1226
3039,2018-04-28,1126
3040,2018-04-29,1122
3041,2018-04-30,1135
3042,2018-05-01,1459
3043,2018-05-02,1326
3044,2018-05-03,1343
3045,2018-05-04,1733
3046,2018-05-05,1352
3047,2018-05-06,1377
3048,2018-05-07,948
3049,2018-05-08,925
3050,2018-05-09,943
3051,2018-05-10,1180
3052,2018-05-11,1354
3053,2018-05-12,1574
3054,2018-05-13,1224
3055,2018-05-14,967
3056,2018-05-15,1055
3057,2018-05-16,1065
3058,2018-05-17,1262
3059,2018-05-18,1496
3060,2018-05-19,1485
3061,2018-05-20,1470
3062,2018-05-21,1159
3063,2018-05-22,1099
3064,2018-05-23,1218
3065,2018-05-24,1519
3066,2018-05-25,1742
3067,2018-05-26,1604
3068,2018-05-27,1390
3069,2018-05-28,1298
3070,2018-05-29,1265
3071,2018-05-30,1367
3072,2018-05-31,1461
3073,2018-06-01,2163
3074,2018-06-02,2032
3075,2018-06-03,1633
3076,2018-06-04,1131
3077,2018-06-05,1212
3078,2018-06-06,1364
3079,2018-06-07,1498
3080,2018-06-08,1834
3081,2018-06-09,1799
3082,2018-06-10,1609
3083,2018-06-11,1252
3084,2018-06-12,1302
3085,2018-06-13,1187
3086,2018-06-14,1601
3087,2018-06-15,2039
3088,2018-06-16,1743
3089,2018-06-17,1752
3090,2018-06-18,1081
3091,2018-06-19,1210
3092,2018-06-20,1200
3093,2018-06-21,1507
3094,2018-06-22,1507
3095,2018-06-23,1615
3096,2018-06-24,1260
3097,2018-06-25,1060
3098,2018-06-26,1178
3099,2018-06-27,1480
3100,2018-06-28,1532
3101,2018-06-29,2039
3102,2018-06-30,1864
3103,2018-07-01,1517
3104,2018-07-02,923
3105,2018-07-03,986
3106,2018-07-04,1041
3107,2018-07-05,1679
3108,2018-07-06,2283
3109,2018-07-07,2636
3110,2018-07-08,1986
3111,2018-07-09,1536
3112,2018-07-10,1160
3113,2018-07-11,1426
3114,2018-07-12,1485
3115,2018-07-13,2146
3116,2018-07-14,1993
3117,2018-07-15,1318
3118,2018-07-16,1119
3119,2018-07-17,911
3120,2018-07-18,985
3121,2018-07-19,1308
3122,2018-07-20,1888
3123,2018-07-21,1994
3124,2018-07-22,1377
3125,2018-07-23,1499
3126,2018-07-24,2096
3127,2018-07-25,1502
3128,2018-07-26,1824
3129,2018-07-27,3033
3130,2018-07-28,2354
3131,2018-07-29,2255
3132,2018-07-30,1524
3133,2018-07-31,1083
3134,2018-08-01,1180
3135,2018-08-02,1267
3136,2018-08-03,1723
3137,2018-08-04,1524
3138,2018-08-05,1412
3139,2018-08-06,1881
3140,2018-08-07,1867
3141,2018-08-08,2071
3142,2018-08-09,2593
3143,2018-08-10,2851
3144,2018-08-11,2943
3145,2018-08-12,2316
3146,2018-08-13,1818
3147,2018-08-14,1777
3148,2018-08-15,1603
3149,2018-08-16,2059
3150,2018-08-17,2423
3151,2018-08-18,2225
3152,2018-08-19,1966
3153,2018-08-20,1753
3154,2018-08-21,1743
3155,2018-08-22,1894
3156,2018-08-23,2049
3157,2018-08-24,2730
3158,2018-08-25,2334
3159,2018-08-26,2137
3160,2018-08-27,1754
3161,2018-08-28,1345
3162,2018-08-29,1453
3163,2018-08-30,1668
3164,2018-08-31,2056
3165,2018-09-01,1646
3166,2018-09-02,1141
3167,2018-09-03,980
3168,2018-09-04,993
3169,2018-09-05,1050
3170,2018-09-06,1607
3171,2018-09-07,2273
3172,2018-09-08,2016
3173,2018-09-09,1507
3174,2018-09-10,1214
3175,2018-09-11,1224
3176,2018-09-12,1440
3177,2018-09-13,1531
3178,2018-09-14,2053
3179,2018-09-15,1874
3180,2018-09-16,1605
3181,2018-09-17,1229
3182,2018-09-18,1169
3183,2018-09-19,1231
3184,2018-09-20,1544
3185,2018-09-21,2116
3186,2018-09-22,1951
3187,2018-09-23,1560
3188,2018-09-24,1201
3189,2018-09-25,1406
3190,2018-09-26,1562
3191,2018-09-27,1812
3192,2018-09-28,2555
3193,2018-09-29,1934
3194,2018-09-30,1582
3195,2018-10-01,1307
3196,2018-10-02,1093
3197,2018-10-03,1281
3198,2018-10-04,1384
3199,2018-10-05,2138
3200,2018-10-06,1579
3201,2018-10-07,1825
3202,2018-10-08,1045
3203,2018-10-09,1158
3204,2018-10-10,1254
3205,2018-10-11,1403
3206,2018-10-12,1917
3207,2018-10-13,1634
3208,2018-10-14,1277
3209,2018-10-15,1000
3210,2018-10-16,848
3211,2018-10-17,948
3212,2018-10-18,1119
3213,2018-10-19,1316
3214,2018-10-20,1304
3215,2018-10-21,809
3216,2018-10-22,816
3217,2018-10-23,807
3218,2018-10-24,804
3219,2018-10-25,963
3220,2018-10-26,1249
3221,2018-10-27,845
3222,2018-10-28,754
3223,2018-10-29,664
3224,2018-10-30,493
3225,2018-10-31,568
3226,2018-11-01,680
3227,2018-11-02,441
3228,2018-11-03,607
3229,2018-11-04,458
3230,2018-11-05,396
3231,2018-11-06,252
3232,2018-11-07,252
3233,2018-11-08,326
3234,2018-11-09,406
3235,2018-11-10,308
3236,2018-11-11,281
3237,2018-11-12,204
3238,2018-11-13,194
3239,2018-11-14,218
3240,2018-11-15,172
3241,2018-11-16,244
3242,2018-11-17,224
3243,2018-11-18,235
3244,2018-11-19,178
3245,2018-11-20,130
3246,2018-11-21,137
3247,2018-11-22,156
3248,2018-11-23,226
3249,2018-11-24,189
3250,2018-11-25,236
3251,2018-11-26,82
3252,2018-11-27,69
3253,2018-11-28,86
3254,2018-11-29,115
3255,2018-11-30,148
3256,2018-12-01,132
3257,2018-12-02,104
3258,2018-12-03,34
3259,2018-12-04,48
3260,2018-12-05,82
3261,2018-12-06,130
3262,2018-12-07,201
3263,2018-12-08,141
3264,2018-12-09,176
3265,2018-12-10,82
3266,2018-12-11,59
3267,2018-12-12,48
3268,2018-12-13,46
3269,2018-12-14,85
3270,2018-12-15,83
3271,2018-12-16,52
3272,2018-12-17,46
3273,2018-12-18,70
3274,2018-12-19,76
3275,2018-12-20,41
3276,2018-12-21,61
3277,2018-12-22,88
3278,2018-12-23,55
3279,2018-12-24,45
3280,2018-12-25,18
3281,2018-12-26,39
3282,2018-12-27,45
3283,2018-12-28,58
3284,2018-12-29,97
3285,2018-12-30,147
3286,2018-12-31,162
3287,2019-01-01,0
3288,2019-01-02,34
3289,2019-01-03,68
3290,2019-01-04,84
3291,2019-01-05,94
3292,2019-01-06,64
3293,2019-01-07,43
3294,2019-01-08,45
3295,2019-01-09,42
3296,2019-01-10,44
3297,2019-01-11,67
3298,2019-01-12,60
3299,2019-01-13,64
3300,2019-01-14,36
3301,2019-01-15,52
3302,2019-01-16,70
3303,2019-01-17,53
3304,2019-01-18,59
3305,2019-01-19,44
3306,2019-01-20,49
3307,2019-01-21,27
3308,2019-01-22,50
3309,2019-01-23,48
3310,2019-01-24,47
3311,2019-01-25,52
3312,2019-01-26,69
3313,2019-01-27,56
3314,2019-01-28,46
3315,2019-01-29,70
3316,2019-01-30,46
3317,2019-01-31,42
3318,2019-02-01,94
3319,2019-02-02,61
3320,2019-02-03,76
3321,2019-02-04,34
3322,2019-02-05,56
3323,2019-02-06,58
3324,2019-02-07,43
3325,2019-02-08,124
3326,2019-02-09,118
3327,2019-02-10,83
3328,2019-02-11,57
3329,2019-02-12,55
3330,2019-02-13,68
3331,2019-02-14,66
3332,2019-02-15,50
3333,2019-02-16,67
3334,2019-02-17,52
3335,2019-02-18,41
3336,2019-02-19,43
3337,2019-02-20,84
3338,2019-02-21,79
3339,2019-02-22,114
3340,2019-02-23,100
3341,2019-02-24,122
3342,2019-02-25,52
3343,2019-02-26,64
3344,2019-02-27,131
3345,2019-02-28,127
3346,2019-03-01,97
3347,2019-03-02,90
3348,2019-03-03,61
3349,2019-03-04,112
3350,2019-03-05,213
3351,2019-03-06,244
3352,2019-03-07,254
3353,2019-03-08,290
3354,2019-03-09,180
3355,2019-03-10,121
3356,2019-03-11,137
3357,2019-03-12,202
3358,2019-03-13,125
3359,2019-03-14,201
3360,2019-03-15,351
3361,2019-03-16,204
3362,2019-03-17,163
3363,2019-03-18,254
3364,2019-03-19,195
3365,2019-03-20,240
3366,2019-03-21,261
3367,2019-03-22,320
3368,2019-03-23,298
3369,2019-03-24,293
3370,2019-03-25,197
3371,2019-03-26,248
3372,2019-03-27,264
3373,2019-03-28,434
3374,2019-03-29,570
3375,2019-03-30,502
3376,2019-03-31,348
3377,2019-04-01,174
3378,2019-04-02,234
3379,2019-04-03,262
3380,2019-04-04,372
3381,2019-04-05,724
3382,2019-04-06,510
3383,2019-04-07,333
3384,2019-04-08,622
3385,2019-04-09,678
3386,2019-04-10,1056
3387,2019-04-11,935
3388,2019-04-12,768
3389,2019-04-13,1091
3390,2019-04-14,670
3391,2019-04-15,603
3392,2019-04-16,1225
3393,2019-04-17,1435
3394,2019-04-18,1896
3395,2019-04-19,2301
3396,2019-04-20,2101
3397,2019-04-21,1828
3398,2019-04-22,1317
3399,2019-04-23,1004
3400,2019-04-24,1010
3401,2019-04-25,1191
3402,2019-04-26,1433
3403,2019-04-27,1587
3404,2019-04-28,1650
3405,2019-04-29,1288
3406,2019-04-30,1409
3407,2019-05-01,1711
3408,2019-05-02,1820
3409,2019-05-03,1958
3410,2019-05-04,1900
3411,2019-05-05,1624
3412,2019-05-06,1055
3413,2019-05-07,1195
3414,2019-05-08,1125
3415,2019-05-09,1365
3416,2019-05-10,1768
3417,2019-05-11,1457
3418,2019-05-12,1287
3419,2019-05-13,982
3420,2019-05-14,1094
3421,2019-05-15,1179
3422,2019-05-16,1317
3423,2019-05-17,1901
3424,2019-05-18,1672
3425,2019-05-19,1378
3426,2019-05-20,1216
3427,2019-05-21,1254
3428,2019-05-22,1399
3429,2019-05-23,1597
3430,2019-05-24,1890
3431,2019-05-25,2008
3432,2019-05-26,1478
3433,2019-05-27,1265
3434,2019-05-28,1492
3435,2019-05-29,1468
3436,2019-05-30,1622
3437,2019-05-31,2164
3438,2019-06-01,1784
3439,2019-06-02,1407
3440,2019-06-03,1105
3441,2019-06-04,1357
3442,2019-06-05,1338
3443,2019-06-06,1465
3444,2019-06-07,1972
3445,2019-06-08,1860
3446,2019-06-09,1735
3447,2019-06-10,1527
3448,2019-06-11,1335
3449,2019-06-12,1395
3450,2019-06-13,1741
3451,2019-06-14,1998
3452,2019-06-15,1701
3453,2019-06-16,1640
3454,2019-06-17,1392
3455,2019-06-18,1300
3456,2019-06-19,1690
3457,2019-06-20,1819
3458,2019-06-21,2141
3459,2019-06-22,1898
3460,2019-06-23,1664
3461,2019-06-24,1245
3462,2019-06-25,1272
3463,2019-06-26,1672
3464,2019-06-27,1610
3465,2019-06-28,2272
3466,2019-06-29,1928
3467,2019-06-30,1762
3468,2019-07-01,1437
3469,2019-07-02,972
3470,2019-07-03,1114
3471,2019-07-04,1597
3472,2019-07-05,2535
3473,2019-07-06,2343
3474,2019-07-07,1754
3475,2019-07-08,1498
3476,2019-07-09,1542
3477,2019-07-10,1497
3478,2019-07-11,1792
3479,2019-07-12,2515
3480,2019-07-13,2242
3481,2019-07-14,1568
3482,2019-07-15,1248
3483,2019-07-16,955
3484,2019-07-17,1267
3485,2019-07-18,1520
3486,2019-07-19,2152
3487,2019-07-20,2116
3488,2019-07-21,1403
3489,2019-07-22,1297
3490,2019-07-23,1472
3491,2019-07-24,2129
3492,2019-07-25,1702
3493,2019-07-26,2153
3494,2019-07-27,2949
3495,2019-07-28,2128
3496,2019-07-29,1736
3497,2019-07-30,1471
3498,2019-07-31,1206
3499,2019-08-01,1738
3500,2019-08-02,1932
3501,2019-08-03,1661
3502,2019-08-04,1450
3503,2019-08-05,1387
3504,2019-08-06,1672
3505,2019-08-07,2011
3506,2019-08-08,2142
3507,2019-08-09,3201
3508,2019-08-10,2953
3509,2019-08-11,2390
3510,2019-08-12,2036
3511,2019-08-13,2069
3512,2019-08-14,1668
3513,2019-08-15,2000
3514,2019-08-16,2510
3515,2019-08-17,2251
3516,2019-08-18,1900
3517,2019-08-19,1481
3518,2019-08-20,1652
3519,2019-08-21,1751
3520,2019-08-22,2262
3521,2019-08-23,2690
3522,2019-08-24,2630
3523,2019-08-25,2147
3524,2019-08-26,1731
3525,2019-08-27,1793
3526,2019-08-28,1836
3527,2019-08-29,1915
3528,2019-08-30,2163
3529,2019-08-31,1783
3530,2019-09-01,1331
3531,2019-09-02,905
3532,2019-09-03,943
3533,2019-09-04,1061
3534,2019-09-05,1486
3535,2019-09-06,2243
3536,2019-09-07,1969
3537,2019-09-08,1515
3538,2019-09-09,1225
3539,2019-09-10,1323
3540,2019-09-11,1320
3541,2019-09-12,1551
3542,2019-09-13,2150
3543,2019-09-14,1812
3544,2019-09-15,1483
3545,2019-09-16,1251
3546,2019-09-17,1333
3547,2019-09-18,1271
3548,2019-09-19,1499
3549,2019-09-20,1912
3550,2019-09-21,1531
3551,2019-09-22,1705
3552,2019-09-23,1282
3553,2019-09-24,1417
3554,2019-09-25,1522
3555,2019-09-26,1705
3556,2019-09-27,2164
3557,2019-09-28,1736
3558,2019-09-29,1601
3559,2019-09-30,1405
3560,2019-10-01,1150
3561,2019-10-02,1456
3562,2019-10-03,1413
3563,2019-10-04,1920
3564,2019-10-05,1460
3565,2019-10-06,1478
3566,2019-10-07,1211
3567,2019-10-08,1073
3568,2019-10-09,1432
3569,2019-10-10,1448
3570,2019-10-11,1697
3571,2019-10-12,1417
3572,2019-10-13,1480
3573,2019-10-14,1023
3574,2019-10-15,1021
3575,2019-10-16,1033
3576,2019-10-17,1054
3577,2019-10-18,1584
3578,2019-10-19,1195
3579,2019-10-20,1061
3580,2019-10-21,873
3581,2019-10-22,976
3582,2019-10-23,893
3583,2019-10-24,826
3584,2019-10-25,1306
3585,2019-10-26,913
3586,2019-10-27,1020
3587,2019-10-28,643
3588,2019-10-29,616
3589,2019-10-30,609
3590,2019-10-31,832
3591,2019-11-01,718
3592,2019-11-02,583
3593,2019-11-03,544
3594,2019-11-04,369
3595,2019-11-05,318
3596,2019-11-06,355
3597,2019-11-07,329
3598,2019-11-08,400
3599,2019-11-09,377
3600,2019-11-10,315
3601,2019-11-11,317
3602,2019-11-12,165
3603,2019-11-13,253
3604,2019-11-14,210
3605,2019-11-15,335
3606,2019-11-16,257
3607,2019-11-17,234
3608,2019-11-18,179
3609,2019-11-19,201
3610,2019-11-20,144
3611,2019-11-21,177
3612,2019-11-22,219
3613,2019-11-23,258
3614,2019-11-24,224
3615,2019-11-25,117
3616,2019-11-26,117
3617,2019-11-27,123
3618,2019-11-28,119
3619,2019-11-29,141
3620,2019-11-30,176
3621,2019-12-01,141
3622,2019-12-02,107
3623,2019-12-03,99
3624,2019-12-04,80
3625,2019-12-05,110
3626,2019-12-06,121
3627,2019-12-07,186
3628,2019-12-08,163
3629,2019-12-09,176
3630,2019-12-10,98
3631,2019-12-11,41
3632,2019-12-12,75
3633,2019-12-13,42
3634,2019-12-14,61
3635,2019-12-15,64
3636,2019-12-16,41
3637,2019-12-17,63
3638,2019-12-18,67
3639,2019-12-19,42
3640,2019-12-20,57
3641,2019-12-21,38
3642,2019-12-22,65
3643,2019-12-23,54
3644,2019-12-24,58
3645,2019-12-25,27
3646,2019-12-26,40
3647,2019-12-27,53
3648,2019-12-28,71
3649,2019-12-29,125
3650,2019-12-30,162
3651,2019-12-31,183
3652,2020-01-01,54
3653,2020-01-02,108
3654,2020-01-03,107
3655,2020-01-04,104
3656,2020-01-05,105
3657,2020-01-06,76
3658,2020-01-07,49
3659,2020-01-08,54
3660,2020-01-09,67
3661,2020-01-10,41
3662,2020-01-11,48
3663,2020-01-12,47
3664,2020-01-13,52
3665,2020-01-14,53
3666,2020-01-15,54
3667,2020-01-16,51
3668,2020-01-17,73
3669,2020-01-18,65
3670,2020-01-19,85
3671,2020-01-20,39
3672,2020-01-21,48
3673,2020-01-22,44
3674,2020-01-23,55
3675,2020-01-24,74
3676,2020-01-25,67
3677,2020-01-26,106
3678,2020-01-27,33
3679,2020-01-28,61
3680,2020-01-29,57
3681,2020-01-30,50
3682,2020-01-31,74
3683,2020-02-01,115
3684,2020-02-02,65
3685,2020-02-03,41
3686,2020-02-04,58
3687,2020-02-05,51
3688,2020-02-06,90
3689,2020-02-07,161
3690,2020-02-08,89
3691,2020-02-09,108
3692,2020-02-10,59
3693,2020-02-11,44
3694,2020-02-12,81
3695,2020-02-13,83
3696,2020-02-14,74
3697,2020-02-15,104
3698,2020-02-16,78
3699,2020-02-17,71
3700,2020-02-18,63
3701,2020-02-19,41
3702,2020-02-20,82
3703,2020-02-21,121
3704,2020-02-22,110
3705,2020-02-23,120
3706,2020-02-24,127
3707,2020-02-25,225
3708,2020-02-26,273
3709,2020-02-27,210
3710,2020-02-28,207
3711,2020-02-29,125
3712,2020-03-01,87
3713,2020-03-02,130
3714,2020-03-03,61
3715,2020-03-04,107
3716,2020-03-05,104
3717,2020-03-06,223
3718,2020-03-07,174
3719,2020-03-08,129
3720,2020-03-09,75
3721,2020-03-10,152
3722,2020-03-11,121
3723,2020-03-12,347
3724,2020-03-13,131
3725,2020-03-14,78
3726,2020-03-15,14
3727,2020-03-16,14
3728,2020-03-17,0
3729,2020-03-18,1
3730,2020-03-19,0
3731,2020-03-20,0
3732,2020-03-21,0
3733,2020-03-22,0
3734,2020-03-23,0
3735,2020-03-24,0
3736,2020-03-25,0
3737,2020-03-26,0
3738,2020-03-27,0
3739,2020-03-28,0
3740,2020-03-29,0
3741,2020-03-30,0
3742,2020-03-31,0
3743,2020-04-01,0
3744,2020-04-02,0
3745,2020-04-03,0
3746,2020-04-04,0
3747,2020-04-05,0
3748,2020-04-06,0
3749,2020-04-07,0
3750,2020-04-08,0
3751,2020-04-09,0
3752,2020-04-10,0
3753,2020-04-11,0
3754,2020-04-12,0
3755,2020-04-13,0
3756,2020-04-14,0
3757,2020-04-15,0
3758,2020-04-16,0
3759,2020-04-17,0
3760,2020-04-18,0
3761,2020-04-19,0
3762,2020-04-20,0
3763,2020-04-21,0
3764,2020-04-22,0
3765,2020-04-23,0
3766,2020-04-24,0
3767,2020-04-25,0
3768,2020-04-26,0
3769,2020-04-27,0
3770,2020-04-28,0
3771,2020-04-29,0
3772,2020-04-30,0
3773,2020-05-01,0
3774,2020-05-02,0
3775,2020-05-03,0
3776,2020-05-04,0
3777,2020-05-05,0
3778,2020-05-06,0
3779,2020-05-07,0
3780,2020-05-08,0
3781,2020-05-09,0
3782,2020-05-10,0
3783,2020-05-11,0
3784,2020-05-12,0
3785,2020-05-13,0
3786,2020-05-14,0
3787,2020-05-15,0
3788,2020-05-16,0
3789,2020-05-17,0
3790,2020-05-18,0
3791,2020-05-19,0
3792,2020-05-20,0
3793,2020-05-21,0
3794,2020-05-22,0
3795,2020-05-23,0
3796,2020-05-24,0
3797,2020-05-25,0
3798,2020-05-26,0
3799,2020-05-27,0
3800,2020-05-28,0
3801,2020-05-29,0
3802,2020-05-30,0
3803,2020-05-31,0
3804,2020-06-01,0
3805,2020-06-02,0
3806,2020-06-03,0
3807,2020-06-04,0
3808,2020-06-05,0
3809,2020-06-06,0
3810,2020-06-07,1
3811,2020-06-08,4
3812,2020-06-09,0
3813,2020-06-10,0
3814,2020-06-11,1
3815,2020-06-12,0
3816,2020-06-13,0
3817,2020-06-14,0
3818,2020-06-15,0
3819,2020-06-16,0
3820,2020-06-17,5
3821,2020-06-18,0
3822,2020-06-19,0
3823,2020-06-20,0
3824,2020-06-21,0
3825,2020-06-22,0
3826,2020-06-23,0
3827,2020-06-24,0
3828,2020-06-25,0
3829,2020-06-26,0
3830,2020-06-27,0
3831,2020-06-28,0
3832,2020-06-29,0
3833,2020-06-30,1
3834,2020-07-01,67
3835,2020-07-02,54
3836,2020-07-03,173
3837,2020-07-04,111
3838,2020-07-05,107
3839,2020-07-06,155
3840,2020-07-07,169
3841,2020-07-08,194
3842,2020-07-09,262
3843,2020-07-10,441
3844,2020-07-11,386
3845,2020-07-12,296
3846,2020-07-13,243
3847,2020-07-14,188
3848,2020-07-15,209
3849,2020-07-16,335
3850,2020-07-17,504
3851,2020-07-18,504
3852,2020-07-19,373
3853,2020-07-20,283
3854,2020-07-21,285
3855,2020-07-22,304
3856,2020-07-23,391
3857,2020-07-24,435
3858,2020-07-25,538
3859,2020-07-26,411
3860,2020-07-27,464
3861,2020-07-28,401
3862,2020-07-29,414
3863,2020-07-30,502
3864,2020-07-31,552
3865,2020-08-01,565
3866,2020-08-02,582
3867,2020-08-03,361
3868,2020-08-04,362
3869,2020-08-05,467
3870,2020-08-06,647
3871,2020-08-07,722
3872,2020-08-08,768
3873,2020-08-09,567
3874,2020-08-10,695
3875,2020-08-11,578
3876,2020-08-12,611
3877,2020-08-13,856
3878,2020-08-14,885
3879,2020-08-15,909
3880,2020-08-16,726
3881,2020-08-17,417
3882,2020-08-18,428
3883,2020-08-19,445
3884,2020-08-20,631
3885,2020-08-21,853
3886,2020-08-22,972
3887,2020-08-23,771
3888,2020-08-24,728
3889,2020-08-25,545
3890,2020-08-26,475
3891,2020-08-27,670
3892,2020-08-28,763
3893,2020-08-29,928
3894,2020-08-30,599
3895,2020-08-31,278
3896,2020-09-01,261
3897,2020-09-02,279
3898,2020-09-03,357
3899,2020-09-04,447
3900,2020-09-05,606
3901,2020-09-06,467
3902,2020-09-07,388
3903,2020-09-08,339
3904,2020-09-09,341
3905,2020-09-10,374
3906,2020-09-11,504
3907,2020-09-12,500
3908,2020-09-13,337
3909,2020-09-14,308
3910,2020-09-15,244
3911,2020-09-16,219
3912,2020-09-17,387
3913,2020-09-18,403
3914,2020-09-19,399
3915,2020-09-20,291
3916,2020-09-21,215
3917,2020-09-22,247
3918,2020-09-23,288
3919,2020-09-24,343
3920,2020-09-25,454
3921,2020-09-26,495
3922,2020-09-27,324
3923,2020-09-28,168
3924,2020-09-29,196
3925,2020-09-30,256
3926,2020-10-01,260
3927,2020-10-02,308
3928,2020-10-03,271
3929,2020-10-04,231
3930,2020-10-05,236
3931,2020-10-06,187
3932,2020-10-07,243
3933,2020-10-08,267
3934,2020-10-09,316
3935,2020-10-10,303
3936,2020-10-11,334
3937,2020-10-12,294
3938,2020-10-13,200
3939,2020-10-14,217
3940,2020-10-15,270
3941,2020-10-16,326
3942,2020-10-17,282
3943,2020-10-18,227
3944,2020-10-19,145
3945,2020-10-20,103
3946,2020-10-21,110
3947,2020-10-22,183
3948,2020-10-23,229
3949,2020-10-24,153
3950,2020-10-25,135
3951,2020-10-26,86
3952,2020-10-27,84
3953,2020-10-28,79
3954,2020-10-29,120
3955,2020-10-30,135
3956,2020-10-31,83
3957,2020-11-01,51
3958,2020-11-02,44
3959,2020-11-03,40
3960,2020-11-04,62
3961,2020-11-05,52
3962,2020-11-06,48
3963,2020-11-07,15
3964,2020-11-08,36
3965,2020-11-09,24
3966,2020-11-10,24
3967,2020-11-11,21
3968,2020-11-12,14
3969,2020-11-13,18
3970,2020-11-14,40
3971,2020-11-15,11
3972,2020-11-16,7
3973,2020-11-17,8
3974,2020-11-18,11
3975,2020-11-19,11
3976,2020-11-20,9
3977,2020-11-21,2
3978,2020-11-22,4
3979,2020-11-23,6
3980,2020-11-24,1
3981,2020-11-25,5
3982,2020-11-26,5
3983,2020-11-27,7
3984,2020-11-28,3
3985,2020-11-29,2
3986,2020-11-30,4
3987,2020-12-01,10
3988,2020-12-02,0
3989,2020-12-03,3
3990,2020-12-04,2
3991,2020-12-05,2
3992,2020-12-06,0
3993,2020-12-07,0
3994,2020-12-08,2
3995,2020-12-09,1
3996,2020-12-10,0
3997,2020-12-11,15
3998,2020-12-12,7
3999,2020-12-13,1
4000,2020-12-14,1
4001,2020-12-15,7
4002,2020-12-16,2
4003,2020-12-17,1
4004,2020-12-18,3
4005,2020-12-19,3
4006,2020-12-20,1
4007,2020-12-21,0
4008,2020-12-22,1
4009,2020-12-23,4
4010,2020-12-24,3
4011,2020-12-25,2
4012,2020-12-26,0
4013,2020-12-27,12
4014,2020-12-28,3
4015,2020-12-29,2
4016,2020-12-30,4
4017,2020-12-31,7
4018,2021-01-01,9
4019,2021-01-02,0
4020,2021-01-03,0
4021,2021-01-04,4
4022,2021-01-05,9
4023,2021-01-06,3
4024,2021-01-07,1
4025,2021-01-08,5
4026,2021-01-09,2
4027,2021-01-10,1
4028,2021-01-11,1
4029,2021-01-12,3
4030,2021-01-13,3
4031,2021-01-14,1
4032,2021-01-15,0
4033,2021-01-16,1
4034,2021-01-17,5
4035,2021-01-18,1
4036,2021-01-19,3
4037,2021-01-20,0
4038,2021-01-21,2
4039,2021-01-22,1
4040,2021-01-23,0
4041,2021-01-24,0
4042,2021-01-25,3
4043,2021-01-26,1
4044,2021-01-27,0
4045,2021-01-28,0
4046,2021-01-29,0
4047,2021-01-30,1
4048,2021-01-31,0
4049,2021-02-01,2
4050,2021-02-02,1
4051,2021-02-03,0
4052,2021-02-04,1
4053,2021-02-05,0
4054,2021-02-06,2
4055,2021-02-07,0
4056,2021-02-08,0
4057,2021-02-09,0
4058,2021-02-10,0
4059,2021-02-11,0
4060,2021-02-12,0
4061,2021-02-13,0
4062,2021-02-14,0
4063,2021-02-15,1
4064,2021-02-16,2
4065,2021-02-17,0
4066,2021-02-18,0
4067,2021-02-19,0
4068,2021-02-20,0
4069,2021-02-21,0
4070,2021-02-22,2
4071,2021-02-23,0
4072,2021-02-24,2
4073,2021-02-25,0
4074,2021-02-26,1
4075,2021-02-27,0
4076,2021-02-28,0
4077,2021-03-01,0
4078,2021-03-02,0
4079,2021-03-03,2
4080,2021-03-04,0
4081,2021-03-05,2
4082,2021-03-06,4
4083,2021-03-07,0
4084,2021-03-08,1
4085,2021-03-09,1
4086,2021-03-10,7
4087,2021-03-11,5
4088,2021-03-12,3
4089,2021-03-13,13
4090,2021-03-14,0
4091,2021-03-15,0
4092,2021-03-16,1
4093,2021-03-17,5
4094,2021-03-18,2
4095,2021-03-19,5
4096,2021-03-20,15
4097,2021-03-21,0
4098,2021-03-22,11
4099,2021-03-23,9
4100,2021-03-24,6
4101,2021-03-25,6
4102,2021-03-26,8
4103,2021-03-27,29
4104,2021-03-28,0
4105,2021-03-29,16
4106,2021-03-30,10
4107,2021-03-31,33
4108,2021-04-01,57
4109,2021-04-02,77
4110,2021-04-03,107
4111,2021-04-04,272
4112,2021-04-05,70
4113,2021-04-06,16
4114,2021-04-07,5
4115,2021-04-08,19
4116,2021-04-09,23
4117,2021-04-10,20
4118,2021-04-11,39
4119,2021-04-12,9
4120,2021-04-13,10
4121,2021-04-14,13
4122,2021-04-15,19
4123,2021-04-16,34
4124,2021-04-17,21
4125,2021-04-18,0
4126,2021-04-19,20
4127,2021-04-20,12
4128,2021-04-21,19
4129,2021-04-22,19
4130,2021-04-23,29
4131,2021-04-24,26
4132,2021-04-25,0
4133,2021-04-26,32
4134,2021-04-27,11
4135,2021-04-28,15
4136,2021-04-29,14
4137,2021-04-30,13
4138,2021-05-01,23
4139,2021-05-02,0
4140,2021-05-03,22
4141,2021-05-04,23
4142,2021-05-05,30
4143,2021-05-06,34
4144,2021-05-07,27
4145,2021-05-08,45
4146,2021-05-09,48
4147,2021-05-10,33
4148,2021-05-11,31
4149,2021-05-12,31
4150,2021-05-13,56
4151,2021-05-14,116
4152,2021-05-15,181
4153,2021-05-16,150
4154,2021-05-17,160
4155,2021-05-18,102
4156,2021-05-19,133
4157,2021-05-20,162
4158,2021-05-21,246
4159,2021-05-22,280
4160,2021-05-23,215
4161,2021-05-24,155
4162,2021-05-25,159
4163,2021-05-26,178
4164,2021-05-27,329
4165,2021-05-28,377
4166,2021-05-29,374
4167,2021-05-30,422
4168,2021-05-31,147
4169,2021-06-01,133
4170,2021-06-02,190
4171,2021-06-03,310
4172,2021-06-04,455
4173,2021-06-05,496
4174,2021-06-06,470
4175,2021-06-07,353
4176,2021-06-08,269
4177,2021-06-09,291
4178,2021-06-10,349
4179,2021-06-11,420
4180,2021-06-12,630
4181,2021-06-13,626
4182,2021-06-14,333
4183,2021-06-15,375
4184,2021-06-16,381
4185,2021-06-17,514
4186,2021-06-18,805
4187,2021-06-19,773
4188,2021-06-20,440
4189,2021-06-21,382
4190,2021-06-22,490
4191,2021-06-23,463
4192,2021-06-24,623
4193,2021-06-25,803
4194,2021-06-26,940
4195,2021-06-27,735
4196,2021-06-28,473
4197,2021-06-29,714
4198,2021-06-30,571
4199,2021-07-01,648
4200,2021-07-02,785
4201,2021-07-03,969
4202,2021-07-04,668
4203,2021-07-05,517
4204,2021-07-06,552
4205,2021-07-07,632
4206,2021-07-08,737
4207,2021-07-09,1539
4208,2021-07-10,1623
4209,2021-07-11,1170
4210,2021-07-12,764
4211,2021-07-13,659
4212,2021-07-14,703
4213,2021-07-15,1022
4214,2021-07-16,1447
4215,2021-07-17,1264
4216,2021-07-18,911
4217,2021-07-19,775
4218,2021-07-20,857
4219,2021-07-21,813
4220,2021-07-22,1022
4221,2021-07-23,1495
4222,2021-07-24,2026
4223,2021-07-25,2046
4224,2021-07-26,1321
4225,2021-07-27,1043
4226,2021-07-28,1040
4227,2021-07-29,1477
4228,2021-07-30,1539
4229,2021-07-31,1883
4230,2021-08-01,1131
4231,2021-08-02,908
4232,2021-08-03,800
4233,2021-08-04,859
4234,2021-08-05,1412
4235,2021-08-06,1662
4236,2021-08-07,1598
4237,2021-08-08,1436
4238,2021-08-09,1190
4239,2021-08-10,1165
4240,2021-08-11,1147
4241,2021-08-12,1247
4242,2021-08-13,1862
4243,2021-08-14,1826
4244,2021-08-15,1481
4245,2021-08-16,1472
4246,2021-08-17,1207
4247,2021-08-18,1266
4248,2021-08-19,1107
4249,2021-08-20,1796
4250,2021-08-21,1797
4251,2021-08-22,1768
4252,2021-08-23,1450
4253,2021-08-24,1273
4254,2021-08-25,1298
4255,2021-08-26,1529
4256,2021-08-27,1990
4257,2021-08-28,1965
4258,2021-08-29,1548
4259,2021-08-30,1230
4260,2021-08-31,1124
4261,2021-09-01,938
4262,2021-09-02,1114
4263,2021-09-03,1286
4264,2021-09-04,1515
4265,2021-09-05,822
4266,2021-09-06,1412
4267,2021-09-07,1353
4268,2021-09-08,1172
4269,2021-09-09,1143
4270,2021-09-10,1469
4271,2021-09-11,1623
4272,2021-09-12,1556
4273,2021-09-13,1234
4274,2021-09-14,1020
4275,2021-09-15,1013
4276,2021-09-16,1149
4277,2021-09-17,1362
4278,2021-09-18,1383
4279,2021-09-19,1178
4280,2021-09-20,1179
4281,2021-09-21,1278
4282,2021-09-22,1166
4283,2021-09-23,1246
4284,2021-09-24,1445
4285,2021-09-25,1696
4286,2021-09-26,1102
4287,2021-09-27,1209
4288,2021-09-28,1210
4289,2021-09-29,1143
4290,2021-09-30,1020
4291,2021-10-01,1368
4292,2021-10-02,1586
4293,2021-10-03,1250
4294,2021-10-04,896
4295,2021-10-05,881
4296,2021-10-06,943
4297,2021-10-07,912
4298,2021-10-08,1299
4299,2021-10-09,1363
4300,2021-10-10,1360
4301,2021-10-11,1188
4302,2021-10-12,1380
4303,2021-10-13,1255
4304,2021-10-14,1028
4305,2021-10-15,1121
4306,2021-10-16,1483
4307,2021-10-17,1120
4308,2021-10-18,680
4309,2021-10-19,673
4310,2021-10-20,705
4311,2021-10-21,869
4312,2021-10-22,1131
4313,2021-10-23,1009
4314,2021-10-24,713
4315,2021-10-25,640
4316,2021-10-26,586
4317,2021-10-27,648
4318,2021-10-28,678
4319,2021-10-29,1027
4320,2021-10-30,779
4321,2021-10-31,576
4322,2021-11-01,434
4323,2021-11-02,381
4324,2021-11-03,395
4325,2021-11-04,450
4326,2021-11-05,489
4327,2021-11-06,571
4328,2021-11-07,553
4329,2021-11-08,337
4330,2021-11-09,401
4331,2021-11-10,248
4332,2021-11-11,289
4333,2021-11-12,395
4334,2021-11-13,329
4335,2021-11-14,328
4336,2021-11-15,3
4337,2021-11-16,196
4338,2021-11-17,427
4339,2021-11-18,288
4340,2021-11-19,252
4341,2021-11-20,344
4342,2021-11-21,481
4343,2021-11-22,150
4344,2021-11-23,205
4345,2021-11-24,176
4346,2021-11-25,168
4347,2021-11-26,202
4348,2021-11-27,215
4349,2021-11-28,195
4350,2021-11-29,90
4351,2021-11-30,92
4352,2021-12-01,170
4353,2021-12-02,74
4354,2021-12-03,92
4355,2021-12-04,118
4356,2021-12-05,95
4357,2021-12-06,164
4358,2021-12-07,208
4359,2021-12-08,263
4360,2021-12-09,138
4361,2021-12-10,112
4362,2021-12-11,230
4363,2021-12-12,184
4364,2021-12-13,48
4365,2021-12-14,57
4366,2021-12-15,61
4367,2021-12-16,63
4368,2021-12-17,53
4369,2021-12-18,76
4370,2021-12-19,102
4371,2021-12-20,127
4372,2021-12-21,55
4373,2021-12-22,81
4374,2021-12-23,47
4375,2021-12-24,40
4376,2021-12-25,21
4377,2021-12-26,39
4378,2021-12-27,81
4379,2021-12-28,60
4380,2021-12-29,65
4381,2021-12-30,123
4382,2021-12-31,188
4383,2022-01-01,45
4384,2022-01-02,40
4385,2022-01-03,45
4386,2022-01-04,33
4387,2022-01-05,48
4388,2022-01-06,81
4389,2022-01-07,74
4390,2022-01-08,68
4391,2022-01-09,58
4392,2022-01-10,21
4393,2022-01-11,29
4394,2022-01-12,33
4395,2022-01-13,59
4396,2022-01-14,31
4397,2022-01-15,87
4398,2022-01-16,104
4399,2022-01-17,41
4400,2022-01-18,38
4401,2022-01-19,34
4402,2022-01-20,64
4403,2022-01-21,83
4404,2022-01-22,114
4405,2022-01-23,56
4406,2022-01-24,26
4407,2022-01-25,50
4408,2022-01-26,39
4409,2022-01-27,29
4410,2022-01-28,47
4411,2022-01-29,45
4412,2022-01-30,52
4413,2022-01-31,41
4414,2022-02-01,40
4415,2022-02-02,31
4416,2022-02-03,54
4417,2022-02-04,65
4418,2022-02-05,36
4419,2022-02-06,39
4420,2022-02-07,36
4421,2022-02-08,26
4422,2022-02-09,62
4423,2022-02-10,59
4424,2022-02-11,78
4425,2022-02-12,80
4426,2022-02-13,81
4427,2022-02-14,30
4428,2022-02-15,55
4429,2022-02-16,50
4430,2022-02-17,50
4431,2022-02-18,73
4432,2022-02-19,99
4433,2022-02-20,108
4434,2022-02-21,54
4435,2022-02-22,66
4436,2022-02-23,110
4437,2022-02-24,91
4438,2022-02-25,88
4439,2022-02-26,136
4440,2022-02-27,117
4441,2022-02-28,220
4442,2022-03-01,187
4443,2022-03-02,122
4444,2022-03-03,125
4445,2022-03-04,245
4446,2022-03-05,178
4447,2022-03-06,129
4448,2022-03-07,78
4449,2022-03-08,79
4450,2022-03-09,113
4451,2022-03-10,270
4452,2022-03-11,308
4453,2022-03-12,180
4454,2022-03-13,228
4455,2022-03-14,112
4456,2022-03-15,170
4457,2022-03-16,169
4458,2022-03-17,247
4459,2022-03-18,304
4460,2022-03-19,255
4461,2022-03-20,287
4462,2022-03-21,147
4463,2022-03-22,180
4464,2022-03-23,222
4465,2022-03-24,307
4466,2022-03-25,603
4467,2022-03-26,461
4468,2022-03-27,342
4469,2022-03-28,318
4470,2022-03-29,255
4471,2022-03-30,425
4472,2022-03-31,335
4473,2022-04-01,627
4474,2022-04-02,435
4475,2022-04-03,547
4476,2022-04-04,415
4477,2022-04-05,412
4478,2022-04-06,866
4479,2022-04-07,674
4480,2022-04-08,1083
4481,2022-04-09,977
4482,2022-04-10,793
4483,2022-04-11,494
4484,2022-04-12,798
4485,2022-04-13,1608
4486,2022-04-14,2036
4487,2022-04-15,2575
4488,2022-04-16,2186
4489,2022-04-17,1977
4490,2022-04-18,1538
4491,2022-04-19,969
4492,2022-04-20,1014
4493,2022-04-21,1075
4494,2022-04-22,1357
4495,2022-04-23,1428
4496,2022-04-24,1063
4497,2022-04-25,1167
4498,2022-04-26,698
4499,2022-04-27,1037
4500,2022-04-28,1394
4501,2022-04-29,1519
4502,2022-04-30,1492
4503,2022-05-01,1225
4504,2022-05-02,1077
4505,2022-05-03,954
4506,2022-05-04,1016
4507,2022-05-05,1359
4508,2022-05-06,1621
4509,2022-05-07,1564
4510,2022-05-08,1373
4511,2022-05-09,1070
4512,2022-05-10,1167
4513,2022-05-11,1075
4514,2022-05-12,1507
4515,2022-05-13,1684
4516,2022-05-14,2032
4517,2022-05-15,1445
4518,2022-05-16,1392
4519,2022-05-17,1341
4520,2022-05-18,1328
4521,2022-05-19,1513
4522,2022-05-20,2285
4523,2022-05-21,2185
4524,2022-05-22,2076
4525,2022-05-23,1348
4526,2022-05-24,1313
4527,2022-05-25,1387
4528,2022-05-26,1778
4529,2022-05-27,2561
4530,2022-05-28,2436
4531,2022-05-29,2062
4532,2022-05-30,1714
4533,2022-05-31,1326
4534,2022-06-01,1292
4535,2022-06-02,1415
4536,2022-06-03,2266
4537,2022-06-04,2281
4538,2022-06-05,2140
4539,2022-06-06,1555
4540,2022-06-07,1229
4541,2022-06-08,1366
4542,2022-06-09,1733
4543,2022-06-10,2709
4544,2022-06-11,2520
4545,2022-06-12,2206
4546,2022-06-13,1478
4547,2022-06-14,1451
4548,2022-06-15,1834
4549,2022-06-16,2170
4550,2022-06-17,2979
4551,2022-06-18,2510
4552,2022-06-19,1932
4553,2022-06-20,1603
4554,2022-06-21,1270
4555,2022-06-22,1716
4556,2022-06-23,1960
4557,2022-06-24,2776
4558,2022-06-25,1990
4559,2022-06-26,1857
4560,2022-06-27,1767
4561,2022-06-28,1668
4562,2022-06-29,2130
4563,2022-06-30,2084
4564,2022-07-01,2612
4565,2022-07-02,2505
4566,2022-07-03,1534
4567,2022-07-04,1114
4568,2022-07-05,1534
4569,2022-07-06,1885
4570,2022-07-07,2428
4571,2022-07-08,3168
4572,2022-07-09,2779
4573,2022-07-10,2247
4574,2022-07-11,1826
4575,2022-07-12,1882
4576,2022-07-13,1937
4577,2022-07-14,2252
4578,2022-07-15,2728
4579,2022-07-16,2214
4580,2022-07-17,1501
4581,2022-07-18,1327
4582,2022-07-19,1541
4583,2022-07-20,1291
4584,2022-07-21,1989
4585,2022-07-22,2600
4586,2022-07-23,2600
4587,2022-07-24,3286
4588,2022-07-25,1915
4589,2022-07-26,1796
4590,2022-07-27,1847
4591,2022-07-28,2323
4592,2022-07-29,2960
4593,2022-07-30,3574
4594,2022-07-31,2123
4595,2022-08-01,1680
4596,2022-08-02,1455
4597,2022-08-03,1561
4598,2022-08-04,4977
4599,2022-08-05,3319
4600,2022-08-06,4041
4601,2022-08-07,2719
4602,2022-08-08,2582
4603,2022-08-09,2586
4604,2022-08-10,2473
4605,2022-08-11,2615
4606,2022-08-12,4109
4607,2022-08-13,3770
4608,2022-08-14,4080
4609,2022-08-15,2161
4610,2022-08-16,1580
4611,2022-08-17,1786
4612,2022-08-18,2410
4613,2022-08-19,3320
4614,2022-08-20,3561
4615,2022-08-21,2623
4616,2022-08-22,2652
4617,2022-08-23,2250
4618,2022-08-24,2574
4619,2022-08-25,2856
4620,2022-08-26,4109
4621,2022-08-27,3820
4622,2022-08-28,2880
4623,2022-08-29,1894
4624,2022-08-30,1884
4625,2022-08-31,1453
4626,2022-09-01,1775
4627,2022-09-02,2279
4628,2022-09-03,2323
4629,2022-09-04,1827
4630,2022-09-05,2293
4631,2022-09-06,1558
4632,2022-09-07,2005
4633,2022-09-08,2504
4634,2022-09-09,2851
4635,2022-09-10,3127
4636,2022-09-11,2271
4637,2022-09-12,1725
4638,2022-09-13,1705
4639,2022-09-14,1724
4640,2022-09-15,1991
4641,2022-09-16,2555
4642,2022-09-17,2534
4643,2022-09-18,1794
4644,2022-09-19,1546
4645,2022-09-20,1993
4646,2022-09-21,2028
4647,2022-09-22,2660
4648,2022-09-23,3175
4649,2022-09-24,2853
4650,2022-09-25,2196
4651,2022-09-26,1692
4652,2022-09-27,1984
4653,2022-09-28,1888
4654,2022-09-29,2255
4655,2022-09-30,3040
4656,2022-10-01,2809
4657,2022-10-02,2063
4658,2022-10-03,1424
4659,2022-10-04,1617
4660,2022-10-05,1776
4661,2022-10-06,2024
4662,2022-10-07,2846
4663,2022-10-08,2589
4664,2022-10-09,2165
4665,2022-10-10,1836
4666,2022-10-11,1641
4667,2022-10-12,1913
4668,2022-10-13,2231
4669,2022-10-14,2498
4670,2022-10-15,2172
4671,2022-10-16,2109
4672,2022-10-17,1407
4673,2022-10-18,1081
4674,2022-10-19,1000
4675,2022-10-20,1206
4676,2022-10-21,1568
4677,2022-10-22,1698
4678,2022-10-23,1250
4679,2022-10-24,933
4680,2022-10-25,941
4681,2022-10-26,1045
4682,2022-10-27,1128
4683,2022-10-28,1245
4684,2022-10-29,1189
4685,2022-10-30,1199
4686,2022-10-31,721
4687,2022-11-01,862
4688,2022-11-02,551
4689,2022-11-03,613
4690,2022-11-04,627
4691,2022-11-05,694
4692,2022-11-06,591
4693,2022-11-07,373
4694,2022-11-08,479
4695,2022-11-09,407
4696,2022-11-10,432
4697,2022-11-11,518
4698,2022-11-12,516
4699,2022-11-13,535
4700,2022-11-14,289
4701,2022-11-15,248
4702,2022-11-16,176
4703,2022-11-17,332
4704,2022-11-18,526
4705,2022-11-19,400
4706,2022-11-20,459
4707,2022-11-21,150
4708,2022-11-22,202
4709,2022-11-23,164
4710,2022-11-24,166
4711,2022-11-25,242
4712,2022-11-26,259
4713,2022-11-27,122
4714,2022-11-28,113
4715,2022-11-29,130
4716,2022-11-30,96
4717,2022-12-01,137
4718,2022-12-02,153
4719,2022-12-03,289
4720,2022-12-04,227
4721,2022-12-05,134
4722,2022-12-06,291
4723,2022-12-07,234
4724,2022-12-08,358
4725,2022-12-09,371
4726,2022-12-10,356
4727,2022-12-11,188
4728,2022-12-12,198
4729,2022-12-13,68
4730,2022-12-14,80
4731,2022-12-15,79
4732,2022-12-16,89
4733,2022-12-17,184
4734,2022-12-18,124
4735,2022-12-19,44
4736,2022-12-20,51
4737,2022-12-21,78
4738,2022-12-22,77
4739,2022-12-23,57
4740,2022-12-24,54
4741,2022-12-25,0
4742,2022-12-26,70
4743,2022-12-27,69
4744,2022-12-28,69
4745,2022-12-29,93
4746,2022-12-30,159
4747,2022-12-31,299
